chr,start,end,strand,target_sequence,sgRNA_sequence,genebe,efficiency,uniqueindex,context sequence flank_73,NuPoP occupancy,NuPoP affinity,GC flank73,nucleotide BDM,target_N,Target_Sequence_0mm
chr16,30088755,30088777,-,TCTGCAGCCAGCACTGGGGGGGC,TCTGCAGCCAGCACTGGGGGGGC,16-30088756-G-GC,32.53424658,59720,CCTCCCTCCCAGCTGATCCTGCACTCCATGCACAAGTACCAACCCCGCATACACCTAGTTCGGGCAGCCCAGCTCTGCAGCCAGCACTGGGGGGGCATGGCCTCCTTCCGCTTCCCCGAGACCACATTCATCTCCGTGACAGCCTACCAGAACCCACAGGTGAGTGACC,"1.000,1.000,1.000,1.000,1.000,1.000,1.000,1.000,1.000,1.000,1.000,1.000,1.000,1.000,1.000,1.000,1.000,1.000,1.000,1.000,1.000,1.000,1.000","0.371,-0.353,-0.028,-0.826,-0.239,-1.667,-2.101,-2.048,-0.346,0.633,1.212,1.712,0.674,0.141,0.278,0.361,1.534,-0.048,0.889,0.373,0.427,-0.683,-0.266","0.626,0.626,0.619,0.626,0.619,0.612,0.612,0.619,0.619,0.612,0.612,0.612,0.612,0.612,0.612,0.612,0.612,0.619,0.612,0.612,0.612,0.612,0.612","454.99,455.17,454.99,458.98,460.76,461.64,467.53,470.88,475.29,467.64,464.42,462.11,460.01,457.49,456.53,459.08,461.06,460.88,463.0,468.08,472.22,463.5,459.42",TCTGCAGCCAGCACTGGGGGGGC,TCTGCAGCCAGCACTGGGGGGGC
chr2,32087522,32087544,+,TAAGAAAGGTATTGAAGAACTGG,TAAGAAAGGTATTGAAGAACTGG,2-32087539-GA-G,10.7102593,21224,TACTCTTCATACGATCTATACAAATAATTTTTTATTTTAAAGCAGGACAGAAGGAGCAAGCTGTGGAATGGTATAAGAAAGGTATTGAAGAACTGGAAAAAGGAATAGCTGTTATAGTTACAGGACAAGGTAAGATTGTATTTGTTTATAGCCATCCCAAATTATGATA,"0.035,0.035,0.035,0.035,0.035,0.035,0.035,0.035,0.035,0.035,0.035,0.035,0.035,0.035,0.035,0.035,0.035,0.035,0.035,0.035,0.035,0.035,0.035","1.373,1.005,-0.009,-0.232,-0.477,0.027,0.241,0.236,0.414,1.062,0.679,0.452,-0.104,-1.117,-2.358,-1.967,-1.241,-0.606,-0.415,-0.104,0.391,1.255,1.496","0.32,0.32,0.32,0.313,0.32,0.32,0.327,0.327,0.32,0.327,0.333,0.34,0.333,0.327,0.327,0.327,0.32,0.32,0.32,0.327,0.327,0.32,0.32","456.47,453.47,450.97,454.92,459.89,460.36,463.41,461.12,455.61,457.8,454.99,458.87,455.77,453.25,450.82,454.05,458.4,456.93,460.2,459.0,453.61,455.48,453.99",TAAGAAAGGTATTGAAGAACTGG,TAAGAAAGGTATTGAAGAACTGG
chr17,31181441,31181463,-,AACTGCGCAACCTTCTTTAGGGC,AACTGCGCAACCTTCTTTAGGGC,17-31181435-AT-A,6.88976378,51112,ATTTTACATCAAAAACAAAATTTTAATACCAGAGAGGTTGTAACTTACCTTTTCCAGGCTATTTATAACTGCTAACTGCGCAACCTTCTTTAGGGCTTTAAATTTAAATGCTGTTTCTGGAAAAAACACAATTTTTAAAAATTAACTCTAGAATAAGTTAACACAAATA,"0.000,0.000,0.000,0.000,0.000,0.000,0.000,0.000,0.000,0.000,0.000,0.000,0.000,0.000,0.000,0.000,0.000,0.000,0.000,0.000,0.000,0.000,0.000","-0.543,0.220,0.938,1.239,-0.055,0.325,-1.352,-0.383,-0.102,-0.593,-1.180,-0.164,0.460,0.791,0.779,0.527,0.949,1.304,1.704,-0.213,-2.320,-1.123,-1.208","0.286,0.293,0.293,0.293,0.299,0.299,0.299,0.293,0.293,0.293,0.293,0.293,0.293,0.293,0.293,0.299,0.293,0.299,0.299,0.299,0.299,0.299,0.299","439.43,447.2,450.07,452.89,449.37,444.7,443.95,446.2,444.99,448.93,446.78,440.64,439.77,448.05,452.93,455.87,451.28,446.78,448.1,450.81,450.29,453.51,450.68",AACTGCGCAACCTTCTTTAGGGC,AACTGCGCAACCTTCTTTAGGGC
chrX,149486949,149486971,+,ATCAAAAGGGTCGAGGTAAGGGA,ATCAAAAGGGTCGAGGTAAGGGA,X-149486971-GAA-G,19.95359629,81125,TAAAGGTGATCTTACTGTCAAGCAATATCATTTCAGCATATTTTATACCTGGCTCCATCAACTGTGAGGCGGAATCAAAAGGGTCGAGGTAAGGGAAAAGCTTCTCGCCTGCCTCCGGAAGTGAAGCCGTCCTTCCAGGAACATAGAATATCAGGGGAACATGGGTAGC,"0.997,0.997,0.997,0.997,0.997,0.997,0.997,0.997,0.997,0.997,0.997,0.997,0.997,0.997,0.997,0.997,0.997,0.997,0.997,0.997,0.997,0.997,0.997","0.667,-0.497,1.031,0.833,1.420,0.708,0.401,-0.646,-0.147,-0.513,-2.423,-1.530,-1.020,0.722,1.022,1.359,0.396,-0.417,-1.122,-0.743,0.869,-0.706,0.337","0.463,0.463,0.463,0.463,0.463,0.463,0.456,0.463,0.463,0.469,0.476,0.469,0.469,0.476,0.476,0.469,0.476,0.476,0.483,0.476,0.476,0.483,0.483","463.19,465.78,465.96,465.56,465.31,467.98,464.24,465.21,467.74,464.53,465.28,460.2,464.29,464.53,461.55,462.92,465.31,466.73,463.5,462.83,464.31,461.39,463.84",ATCAAAAGGGTCGAGGTAAGGGA,ATCAAAAGGGTCGAGGTAAGGGA
chr11,5226971,5226993,-,TCTGCCGTTACTGCCCTGTGGGG,TCTGCCGTTACTGCCCTGTGGGG,11-5226970-TG-T,67.90123457,5734,TTGCTTCTGACACAACTGTGTTCACTAGCAACCTCAAACAGACACCATGGTGCATCTGACTCCTGAGGAGAAGTCTGCCGTTACTGCCCTGTGGGGCAAGGTGAACGTGGATGAAGTTGGTGGTGAGGCCCTGGGCAGGTTGGTATCAAGGTTACAAGACAGGTTTAAG,"1.000,1.000,1.000,1.000,1.000,1.000,1.000,1.000,1.000,1.000,1.000,1.000,1.000,1.000,1.000,1.000,1.000,1.000,1.000,1.000,1.000,1.000,1.000","-0.208,1.906,1.638,-0.457,-1.101,-0.489,0.579,0.400,-0.166,-0.634,-1.459,-0.495,-0.181,-0.243,0.545,0.294,1.612,1.442,0.844,-0.046,-1.073,-1.338,-1.369","0.537,0.537,0.537,0.537,0.537,0.537,0.537,0.531,0.537,0.531,0.531,0.531,0.531,0.531,0.531,0.537,0.537,0.537,0.531,0.531,0.524,0.524,0.531","468.26,468.26,468.89,473.55,463.2,463.41,468.36,469.44,464.16,465.1,466.62,466.08,470.4,471.18,472.78,476.41,467.8,462.52,467.53,469.82,466.82,468.82,468.87",TCTGCCGTTACTGCCCTGTGGGG,TCTGCCGTTACTGCCCTGTGGGG
chr4,177434367,177434389,+,CTAAGAAGTCATACCTTGGCAGG,CTAAGAAGTCATACCTTGGCAGG,4-177434387-CA-C,58.48563969,72443,acccagccTCAAAAATTATTTTCTATCTTAAAAGAAAAAAATATCTTCTCCAAAGGTCTCTAAAATTCACAAACTAAGAAGTCATACCTTGGCAGGAAGCGCATCAATATATCACCATTCCCAGTGGCTGCGGCTGCCCCTGCAGTATCGTCAGCATAGGCTCCAGCTC,"0.998,0.998,0.998,0.998,0.998,0.998,0.998,0.998,0.998,0.998,0.998,0.998,0.998,0.998,0.998,0.998,0.998,0.998,0.998,0.998,0.998,0.998,0.998","0.423,-0.441,-0.468,-1.051,-0.291,-1.176,-0.698,-1.375,-0.850,-0.295,0.015,-0.142,-1.205,-0.696,1.359,1.382,1.283,0.047,-0.226,-0.231,0.791,2.204,1.643","0.401,0.401,0.401,0.401,0.395,0.401,0.395,0.395,0.395,0.395,0.388,0.388,0.395,0.401,0.408,0.408,0.415,0.422,0.422,0.429,0.435,0.435,0.442","458.11,457.35,450.49,448.06,449.15,450.29,449.13,454.63,452.35,449.48,454.78,459.61,457.99,459.35,452.66,450.09,452.34,454.06,452.67,459.75,456.76,456.54,461.67",CTAAGAAGTCATACCTTGGCAGG,CTAAGAAGTCATACCTTGGCAGG
chr8,74361871,74361893,+,TTTTATTATCAGGCCAAATTGGA,TTTTATTATCAGGCCAAATTGGA,8-74361899-CA-C,2.076124567,21979,tgtcattgagtttctctgcttctcCTTGTTACTGGTGTAGAAGGGAGAAAATAATTTTCTGTTTCCAAAATGTTTTTATTATCAGGCCAAATTGGAAACACAGAGTCTGAGCTGAAGAAACTTGCTGAAGAAAACCCAGATTTACAAGAAGCATACATTGCAAAACAGA,"0.890,0.890,0.890,0.890,0.890,0.890,0.890,0.890,0.890,0.890,0.890,0.890,0.890,0.890,0.890,0.890,0.890,0.890,0.890,0.890,0.890,0.890,0.890","-0.465,-0.950,0.340,-0.278,-0.126,0.103,1.954,2.448,1.421,0.395,-0.592,-0.500,-0.490,-1.707,-1.138,-0.720,-0.169,-0.795,-0.727,0.588,1.219,0.285,-0.096","0.361,0.367,0.361,0.361,0.361,0.367,0.367,0.367,0.361,0.367,0.361,0.361,0.361,0.367,0.367,0.367,0.361,0.361,0.354,0.354,0.354,0.361,0.354","450.73,454.36,456.34,458.61,459.18,450.59,448.19,450.86,456.88,455.5,455.03,453.76,449.41,452.08,452.53,458.44,461.07,453.69,448.89,451.44,457.88,457.17,456.77",TTTTATTATCAGGCCAAATTGGA,TTTTATTATCAGGCCAAATTGGA
chr2,208145934,208145956,+,TGAAATAGGGTTGTAGGTTGGGG,TGAAATAGGGTTGTAGGTTGGGG,2-208145953-TG-T,8.356290174,73060,TGGTGGCCCTGGTAGTTGGGGCGCTCATAGATCATCCAGCAGCCGCTCTCCACCCTGATGGAGTTGCAGCGGCTGAAATAGGGTTGTAGGTTGGGGCAGTCAGTGGTGCATTCGTAGCTGCGGCCCTGGAAGGCCCTGTCCTCGTAGAAGGTGATCTGAAAAATGGAAG,"1.000,1.000,1.000,1.000,1.000,1.000,1.000,1.000,1.000,1.000,1.000,1.000,1.000,1.000,1.000,1.000,1.000,1.000,1.000,1.000,1.000,1.000,1.000","2.725,1.414,-0.357,0.374,0.471,0.782,-0.530,-0.493,0.172,0.913,0.638,0.523,-0.800,0.353,-0.211,0.250,-0.725,-1.922,-0.870,-1.010,0.452,-0.967,-1.182","0.605,0.605,0.599,0.599,0.605,0.599,0.599,0.592,0.585,0.585,0.585,0.585,0.578,0.578,0.578,0.571,0.571,0.571,0.571,0.571,0.565,0.558,0.558","460.18,457.97,464.55,467.23,468.01,466.28,463.72,459.01,463.64,469.01,471.25,463.15,463.15,458.49,465.91,466.57,471.44,468.02,463.1,457.33,462.24,469.43,470.92",TGAAATAGGGTTGTAGGTTGGGG,TGAAATAGGGTTGTAGGTTGGGG
chr17,31229347,31229369,+,TCAAATACGGACCAATGTTAAGG,TCAAATACGGACCAATGTTAAGG,17-31229366-TA-T,6.0,51353,CAGATACACCTGTCAGCAAATTTATGGATCGGCTGTTGTCCTTAATGGTGTGTAACCATGAGAAAGTGGGACTTCAAATACGGACCAATGTTAAGGATCTGGTGGGTCTAGAATTGAGTCCTGCTCTGTATCCAATGCTATTTAACAAATTGAAGAATACCATCAGCAA,"1.000,1.000,1.000,1.000,1.000,1.000,1.000,1.000,1.000,1.000,1.000,1.000,1.000,1.000,1.000,1.000,1.000,1.000,1.000,1.000,1.000,1.000,1.000","0.724,2.092,1.166,1.032,0.107,0.160,0.702,0.443,-0.467,-0.356,-0.682,-0.688,0.408,0.892,1.105,0.542,-1.271,-1.554,-1.857,-1.321,-0.969,-0.070,-0.137","0.422,0.415,0.415,0.408,0.408,0.415,0.415,0.408,0.415,0.408,0.401,0.401,0.395,0.401,0.401,0.401,0.395,0.395,0.395,0.401,0.408,0.408,0.408","476.65,472.04,476.2,473.06,473.64,470.07,469.76,472.68,472.4,471.62,471.68,469.5,473.51,468.53,474.2,471.06,471.5,469.4,468.63,470.35,471.25,468.69,471.68",TCAAATACGGACCAATGTTAAGG,TCAAATACGGACCAATGTTAAGG
chr12,49039464,49039486,+,ACTCAGCTGCTCAAAGGCAGGGC,ACTCAGCTGCTCAAAGGCAGGGC,12-49039488-TGCTGG-T,0.0,86194,CCTTCAATATCCTGGCCCCACTATCCCTTGCCACTCTACCTACCTGTGTCCCAGCAAAGGGGGTCTGGCCTCGACTCAGCTGCTCAAAGGCAGGGCTGCTGGGCTCAGCACCCCAGCTGCCTGGAGGCCCCACTGCTCCTGCAGCTGCTGCAGCTGTTTCCTTCTCCTG,"1.000,1.000,1.000,1.000,1.000,1.000,1.000,1.000,1.000,1.000,1.000,1.000,1.000,1.000,1.000,1.000,1.000,1.000,1.000,1.000,1.000,1.000,1.000","-1.050,-1.156,-0.778,-1.080,-0.335,-0.623,-0.047,0.641,1.526,0.962,0.578,-0.324,-0.470,-0.378,1.332,2.761,0.311,-0.623,-1.526,-0.324,-0.268,0.602,0.269","0.633,0.633,0.626,0.633,0.639,0.633,0.639,0.646,0.646,0.653,0.653,0.646,0.639,0.646,0.646,0.639,0.633,0.633,0.626,0.626,0.633,0.626,0.633","460.14,461.94,462.12,461.89,461.99,462.29,455.72,456.3,455.49,456.46,457.57,456.58,457.33,460.3,460.89,461.56,461.73,463.29,456.48,457.01,453.83,455.46,455.57",ACTCAGCTGCTCAAAGGCAGGGC,ACTCAGCTGCTCAAAGGCAGGGC
chr2,202556141,202556163,+,CCAATGGGACAGTACTATCTGGC,CCAATGGGACAGTACTATCTGGC,2-202556168-AC-A,15.14376997,77172,GTGACAGTCACCATGAATGGTGTGGCAGGTAGAAACCACAGTGTTAACTCCCATGCTGCCACAACCCAATATGCCAATGGGACAGTACTATCTGGCCAAACAACCAACATAGTGACACATAGGGCCCAAGAAATGTTGCAGAATCAGTTTATTGGTGAGGACACCCGGC,"1.000,1.000,1.000,1.000,1.000,1.000,1.000,1.000,1.000,1.000,1.000,1.000,1.000,1.000,1.000,1.000,1.000,1.000,1.000,1.000,1.000,1.000,1.000","0.482,0.676,0.893,1.015,0.494,-0.051,-0.390,-0.530,-1.384,-1.270,-1.891,-0.677,-0.904,-0.909,-1.427,-0.599,0.915,1.754,0.892,0.744,0.265,1.128,0.774","0.476,0.469,0.469,0.463,0.463,0.456,0.456,0.456,0.463,0.456,0.463,0.456,0.456,0.463,0.463,0.463,0.463,0.469,0.476,0.476,0.476,0.483,0.483","464.55,465.89,469.53,468.49,468.15,471.52,462.52,461.88,467.94,467.59,466.52,464.36,463.29,462.21,466.2,466.06,465.26,468.32,461.94,461.99,467.22,466.34,465.67",CCAATGGGACAGTACTATCTGGC,CCAATGGGACAGTACTATCTGGC
chrX,53250528,53250550,-,GGCTGGGGGTCGGAGGTTGGGGA,GGCTGGGGGTCGGAGGTTGGGGA,X-53250522-TCG-T,51.74418605,57823,ctgaaggcccagccccagccccaccagggcccctgccaccagccccCAACAGTGGCACTGGGCCCAGTGGTGTGGCTGGGGGTCGGAGGTTGGGGAAGTGCGAGGCAGCAGGCGAGAACTCTGATGGTGGAGATAACGAGAGCCTTGAGAGCTCCAGCAATTCCAATGA,"1.000,1.000,1.000,1.000,1.000,1.000,1.000,1.000,1.000,1.000,1.000,1.000,1.000,1.000,1.000,1.000,1.000,1.000,1.000,1.000,1.000,1.000,1.000","0.095,0.208,-0.260,-0.811,0.569,1.373,1.818,0.324,0.239,0.986,0.862,0.350,1.291,0.692,0.974,-0.368,-0.696,-1.179,-1.228,-1.705,-1.240,-1.254,-1.040","0.673,0.667,0.673,0.667,0.673,0.68,0.673,0.673,0.673,0.667,0.667,0.673,0.667,0.66,0.653,0.646,0.646,0.653,0.646,0.639,0.633,0.633,0.626","452.53,453.95,450.11,450.46,451.08,449.43,447.79,454.98,456.51,453.15,451.65,455.87,452.32,454.37,450.83,451.65,454.52,453.45,452.24,459.08,461.1,457.25,455.94",GGCTGGGGGTCGGAGGTTGGGGA,GGCTGGGGGTCGGAGGTTGGGGA
chr3,4467241,4467263,-,ACATGGCCCGCGGGACAACATGG,ACATGGCCCGCGGGACAACATGG,3-4467244-A-C,65.625,62868,TCCTGGTCACTTCGTAAGTCAGCTCAAAATTCTGCCCCTTTAAGGAGGGCTCAGCCACGTGACCAACCGGGTCACATGGCCCGCGGGACAACATGGCTGCGCCCGCACTAGGGCTGGTGTGTGGACGTTGCCCTGAGCTGGGTCTCGTCCTCTtgctgctgctgctctc,"1.000,1.000,1.000,1.000,1.000,1.000,1.000,1.000,1.000,1.000,1.000,1.000,1.000,1.000,1.000,1.000,1.000,1.000,1.000,1.000,1.000,1.000,1.000","-0.626,-0.319,0.421,-0.567,-0.346,-0.638,-1.107,-1.946,-0.974,0.292,0.060,-0.248,-1.665,-0.309,-0.633,1.320,0.871,0.801,1.499,2.026,0.792,0.381,0.915","0.612,0.612,0.612,0.612,0.612,0.612,0.605,0.605,0.605,0.612,0.605,0.612,0.619,0.612,0.612,0.619,0.619,0.626,0.626,0.626,0.626,0.626,0.626","469.87,462.85,463.33,465.08,465.02,461.1,466.13,465.83,465.63,462.66,460.8,467.96,467.49,463.11,459.79,460.85,460.81,454.74,460.38,459.24,456.01,452.2,452.02",ACATGGCCCGCGGGACAACATGG,ACATGGCCCGCGGGACAACATGG
chr1,161209896,161209918,+,ATGCTGCTTATATCCGGCCAGGA,ATGCTGCTTATATCCGGCCAGGA,1-161209915-C-A,58.03076923,60450,CTTTGACACTAATTCCCAGCACGTTCTATGAAGATGTTTGAGTTCTACGAGCGAGTGTCTGGAGCCCGAATGCATGCTGCTTATATCCGGCCAGGAGGAGTGCACCAGGTGAGCAGGTCCCCGGCTTCCCCAAATGTCCAGCCCAGGCCTATTTTCCCTGTGGCCACTG,"1.000,1.000,1.000,1.000,1.000,1.000,1.000,1.000,1.000,1.000,1.000,1.000,1.000,1.000,1.000,1.000,1.000,1.000,1.000,1.000,1.000,1.000,1.000","-1.031,-0.709,-1.074,1.233,1.138,1.102,-0.516,0.597,-0.117,-0.511,-0.606,0.636,0.189,-1.304,-1.825,-1.425,0.291,1.724,0.697,-0.627,-0.113,1.064,1.185","0.551,0.551,0.558,0.558,0.558,0.551,0.551,0.544,0.544,0.544,0.551,0.558,0.558,0.565,0.565,0.565,0.565,0.565,0.571,0.565,0.565,0.565,0.565","471.05,468.87,466.05,468.25,465.87,461.98,467.12,465.94,465.13,466.0,460.28,463.62,470.05,467.87,464.05,464.79,464.29,461.36,462.66,462.54,462.75,465.0,460.75",ATGCTGCTTATATCCGGCCAGGA,ATGCTGCTTATATCCGGCCAGGA
chr1,150344170,150344192,+,CTAATTTGATGCGAGTATTAGGA,CTAATTTGATGCGAGTATTAGGA,1-150344201-C-A,7.992202729,36481,TAACAAGTTACTCCAGCTGGAGAAGTGACTTCAAAGACTGATTGTTGTCCTCTCTTCACTGCAGTGAGAATTTCTAATTTGATGCGAGTATTAGGAACAGAAGCTGTTCAAGACCCCACGAAGGTAGAAGCCCACGTCAGAGCTCAGATGGCAAAAAGACAGAAGTAAG,"1.000,1.000,1.000,1.000,1.000,1.000,1.000,1.000,1.000,1.000,1.000,1.000,1.000,1.000,1.000,1.000,1.000,1.000,1.000,1.000,1.000,1.000,1.000","-0.117,-0.281,-0.187,-0.518,1.043,1.308,2.185,0.205,1.019,0.335,0.483,0.329,-1.455,-1.515,-0.974,-1.461,-0.300,1.114,0.704,0.409,0.095,-1.025,-1.395","0.449,0.449,0.449,0.456,0.456,0.463,0.463,0.456,0.456,0.456,0.456,0.456,0.456,0.456,0.449,0.456,0.449,0.442,0.449,0.442,0.435,0.435,0.435","468.83,471.14,471.3,471.11,470.05,471.16,469.57,472.89,469.01,470.45,468.6,467.66,467.94,468.56,466.82,466.82,466.37,466.86,466.13,467.69,463.02,466.41,466.52",CTAATTTGATGCGAGTATTAGGA,CTAATTTGATGCGAGTATTAGGA
chr11,2768924,2768946,-,GGGCAGGAAGGCTCAGCACAGGG,GGGCAGGAAGGCTCAGCACAGGG,11-2768917-C-T,56.11285266,6093,ACCCTCCACTATGGGCAGGAGAGAACCCAGGAGAGGTGTGGGCAGCTGCATCAGGCTGCGAGGGGCAGGCTGAGGGCAGGAAGGCTCAGCACAGGGCTTACCTGGAATTTCTTCTTGGCCACAAAGTACTGCATGCGTCGAATGACCTTAATGGTGGCCCGATGGTGTT,"1.000,1.000,1.000,1.000,1.000,1.000,1.000,1.000,1.000,1.000,1.000,1.000,1.000,1.000,1.000,1.000,1.000,1.000,1.000,1.000,1.000,1.000,1.000","-0.297,-1.733,-0.750,0.063,-0.031,-0.141,-1.541,-2.253,-1.261,-0.254,0.558,0.334,0.440,1.273,-0.450,1.497,1.162,1.051,-0.057,1.234,0.532,0.509,0.114","0.592,0.592,0.585,0.578,0.571,0.571,0.571,0.571,0.571,0.571,0.578,0.585,0.592,0.592,0.592,0.585,0.578,0.585,0.585,0.578,0.585,0.578,0.578","456.24,462.36,466.33,466.61,468.73,460.05,468.19,470.51,469.43,468.64,466.86,459.12,457.52,462.28,467.47,467.0,465.3,458.46,466.6,470.43,466.95,470.47,468.32",GGGCAGGAAGGCTCAGCACAGGG,GGGCAGGAAGGCTCAGCACAGGG
chr2,71611599,71611621,+,GACATCTGCACCCTCTTCATGGA,GACATCTGCACCCTCTTCATGGA,2-71611627-G-C,66.2464986,49136,CCTCGTGGTAGAGTGTGGGGGCCAGACGGTGCAGTCCTGTGTCATCAGGAACCTCCGGAAGAACCCCAACTTTGACATCTGCACCCTCTTCATGGAAGTGGTGAGCCCCACCTCCCTACTGTCCCCTTCCAGAGTCCTGGGGCTAGAAGTTCTACATGTCCCCGAGCAG,"1.000,1.000,1.000,1.000,1.000,1.000,1.000,1.000,1.000,1.000,1.000,1.000,1.000,1.000,1.000,1.000,1.000,1.000,1.000,1.000,1.000,1.000,1.000","0.336,1.356,2.092,-0.050,-1.227,-1.317,-0.996,0.207,-0.236,1.645,-0.157,-0.924,-0.365,0.593,0.458,-0.116,1.059,0.292,1.225,-1.146,-0.562,-0.659,-1.507","0.592,0.585,0.585,0.585,0.578,0.578,0.578,0.571,0.571,0.571,0.571,0.571,0.571,0.571,0.578,0.578,0.585,0.585,0.578,0.578,0.578,0.571,0.571","463.91,457.33,455.88,461.13,463.97,465.03,469.28,464.35,463.47,459.51,459.9,462.87,462.91,459.56,459.31,464.51,468.14,468.92,472.17,465.3,465.91,464.54,463.45",GACATCTGCACCCTCTTCATGGA,GACATCTGCACCCTCTTCATGGA
chr6,90553469,90553491,-,CCCAGCTTTCCGAATCATGTGGG,CCCAGCTTTCCGAATCATGTGGG,6-90553473-A-T,69.26829268,39129,GTGACGTCTTCAGCTGGGGTATTATTCTTTGGGAAGTGATAACGCGTCGGAAACCCTTTGATGAGATTGGTGGCCCAGCTTTCCGAATCATGTGGGCTGTTCATAATGGTTCGTAAAAAGAAATTTTTCTTAAAAGTACTTTTTGTGTTTTCTACTTGGAAGACTACTC,"0.173,0.173,0.173,0.173,0.173,0.173,0.173,0.173,0.173,0.173,0.173,0.173,0.173,0.173,0.173,0.173,0.173,0.173,0.173,0.173,0.173,0.173,0.173","-0.694,-0.057,0.754,1.667,0.142,1.121,1.289,-0.127,0.376,-0.200,-0.855,-1.755,-1.682,-0.917,-0.173,-1.189,0.083,1.153,0.038,-1.152,-0.302,0.865,1.614","0.415,0.408,0.408,0.401,0.401,0.401,0.395,0.395,0.395,0.395,0.395,0.395,0.401,0.395,0.388,0.395,0.388,0.388,0.381,0.374,0.381,0.381,0.388","458.03,457.99,457.37,458.84,461.45,454.99,444.28,450.59,454.27,464.4,456.28,452.95,454.81,453.53,456.05,456.52,459.6,454.57,443.89,449.77,455.27,465.67,457.76",CCCAGCTTTCCGAATCATGTGGG,CCCAGCTTTCCGAATCATGTGGG
chr12,21574270,21574292,-,GCCCAATTCCATGAATGGCAGGC,GCCCAATTCCATGAATGGCAGGC,12-21574275-G-A,25.10288066,10239,ATCAACAACTTTTCTGAATGCTTTTTTTTTCCTAATGTAGGTGACAGATCATGCAGATGGTAAATATGTCGTTGCCCAATTCCATGAATGGCAGGCTGGAATTGGACTGATCCTTTCTCGAGCCAGGAAACTTCCTATTGCCACAATATTTACAACCCACGCTACACTA,"0.998,0.998,0.998,0.998,0.998,0.998,0.998,0.998,0.998,0.998,0.998,0.998,0.998,0.998,0.998,0.998,0.998,0.998,0.998,0.998,0.998,0.998,0.998","-0.103,0.063,-0.109,0.141,0.180,-0.756,-0.755,-0.684,-1.975,-2.003,-1.876,-0.409,0.748,0.606,-0.029,0.158,0.617,1.607,1.436,1.074,0.400,0.721,0.949","0.408,0.408,0.408,0.401,0.401,0.401,0.401,0.401,0.401,0.401,0.408,0.415,0.415,0.422,0.422,0.429,0.422,0.422,0.429,0.429,0.429,0.422,0.422","463.15,468.39,464.81,466.16,466.66,469.55,458.86,459.01,461.31,468.11,463.82,468.3,462.56,469.14,466.35,467.36,465.51,469.0,458.14,458.65,462.85,468.92,461.82",GCCCAATTCCATGAATGGCAGGC,GCCCAATTCCATGAATGGCAGGC
chr10,110280000,110280022,+,CTGCAGGGTCCTCAGGAGATGGA,CTGCAGGGTCCTCAGGAGATGGA,10-110280017-A-C,63.35877863,61994,TGAAAGAAAAAGCCAGCACCAGCTCGAGAATTTGGAACGAGAACAGAGATTTTTAAAGTGGCGACTGGAACAGCTGCAGGGTCCTCAGGAGATGGAACGAATACGAATGGACAGCATTGGATCAACTATTTCTTCAGATCGTTCTGATTCAGAGCGAGGTAGGCAGCTT,"1.000,1.000,1.000,1.000,1.000,1.000,1.000,1.000,1.000,1.000,1.000,1.000,1.000,1.000,1.000,1.000,1.000,1.000,1.000,1.000,1.000,1.000,1.000","-0.712,-0.877,-0.839,-0.658,0.052,-0.541,-0.598,-0.576,1.229,0.678,2.003,-0.240,-0.134,0.885,0.997,-0.730,-2.217,-0.455,0.416,1.384,1.581,0.072,-0.720","0.449,0.449,0.442,0.449,0.449,0.456,0.449,0.456,0.463,0.469,0.469,0.476,0.476,0.469,0.463,0.469,0.469,0.469,0.469,0.469,0.469,0.469,0.463","462.05,464.75,461.45,466.74,473.53,471.25,464.65,468.24,466.97,466.07,466.8,468.62,467.94,469.49,465.36,469.66,477.16,473.68,466.02,468.87,468.39,467.7,467.93",CTGCAGGGTCCTCAGGAGATGGA,CTGCAGGGTCCTCAGGAGATGGA
chrX,108597012,108597034,+,CTGGACAGAAAGGGGAAAAAGGA,CTGGACAGAAAGGGGAAAAAGGA,X-108597042-G-T,1.032110092,31892,AAGCTCAAAGCTTACGTTATtgtgtgtgtgtgtgtttgtttgtgtgtgtgtgtgtTAGGATCTCTTGGTTTCCCTGGACAGAAAGGGGAAAAAGGACAAGCTGGTGCAACTGGTCCCAAAGGATTACCAGTAAGTTTTGAGTATATTATAAAACAAAAAGAAGTAGAAG,"0.669,0.669,0.669,0.669,0.669,0.669,0.669,0.669,0.669,0.669,0.669,0.669,0.669,0.669,0.669,0.669,0.669,0.669,0.669,0.669,0.669,0.669,0.669","1.513,2.366,1.229,0.767,-0.847,-0.799,-0.684,0.537,1.130,0.235,-0.300,0.300,0.810,0.536,-0.428,-1.339,-1.183,-0.361,-0.736,-1.738,-0.261,-0.502,-0.245","0.422,0.422,0.422,0.415,0.408,0.408,0.401,0.408,0.408,0.408,0.401,0.395,0.395,0.401,0.401,0.395,0.395,0.395,0.395,0.401,0.401,0.401,0.401","443.59,448.38,449.57,441.71,439.49,439.53,437.5,440.03,439.45,433.04,437.25,433.62,440.06,443.12,442.16,434.35,431.64,430.76,431.16,434.23,433.8,428.8,433.11",CTGGACAGAAAGGGGAAAAAGGA,CTGGACAGAAAGGGGAAAAAGGA
chr7,122113113,122113135,+,TTACCATTTCTTCAACATAAGGG,TTACCATTTCTTCAACATAAGGG,7-122113140-A-C,46.92982456,66182,ACCAGAACATTCACAGAATTACTCAATTATTCAATTTAAAGCCACAGAGTTGTTACTGATATTACCAGTCTGCTTACCATTTCTTCAACATAAGGGTAAAGCATGTCTCCAAAGCATTCTGTAGCTTCAATTGGGAGCTGTGCCGGCAAATTGTCAATGGAACACATCA,"1.000,1.000,1.000,1.000,1.000,1.000,1.000,1.000,1.000,1.000,1.000,1.000,1.000,1.000,1.000,1.000,1.000,1.000,1.000,1.000,1.000,1.000,1.000","0.570,0.973,0.812,0.173,-0.677,-1.045,-1.294,-1.134,-0.723,-0.421,-0.197,-0.182,-0.339,-1.390,-0.721,-1.126,-0.453,0.789,1.128,2.368,1.441,0.927,0.522","0.395,0.395,0.388,0.381,0.381,0.374,0.381,0.381,0.381,0.381,0.381,0.381,0.381,0.388,0.381,0.381,0.381,0.381,0.388,0.388,0.388,0.395,0.388","469.24,470.51,468.75,472.4,473.59,469.64,469.43,470.65,472.48,471.52,474.39,478.85,471.38,470.25,471.23,476.17,475.72,471.64,471.86,473.14,472.96,471.85,473.75",TTACCATTTCTTCAACATAAGGG,TTACCATTTCTTCAACATAAGGG
chr7,44145564,44145586,+,CTCGCGCATGCGGTTGATGACGC,CTCGCGCATGCGGTTGATGACGC,7-44145585-C-G,29.45492662,48464,CTCACCTGGGGTGCAGCTTGTACACGGAGCCATCCACGCCCACAGTGATGCGCATTACGTCCTCGCTGCGGCTCTCGCGCATGCGGTTGATGACGCCCGCCAGCCCCGCCGAGCACATGTGCGCAGCGCGCGTAGACACGCTCTCGCAGGCGCGGCGCACGATGTCGCA,"1.000,1.000,1.000,1.000,1.000,1.000,1.000,1.000,1.000,1.000,1.000,1.000,1.000,1.000,1.000,1.000,1.000,1.000,1.000,1.000,1.000,1.000,1.000","0.873,1.346,0.484,-0.207,-1.498,-0.868,0.881,-0.138,-0.343,0.073,-0.387,-0.986,-1.017,-0.654,-1.125,-0.306,-1.357,-0.386,0.929,0.284,0.840,0.971,2.590","0.673,0.667,0.673,0.673,0.68,0.68,0.68,0.687,0.687,0.687,0.687,0.687,0.687,0.687,0.687,0.687,0.68,0.68,0.68,0.687,0.687,0.694,0.694","460.09,457.17,461.7,460.12,457.39,457.13,460.85,460.94,462.62,455.72,463.7,462.59,459.23,455.71,458.59,455.91,453.4,453.87,459.29,460.42,461.98,453.78,460.77",CTCGCGCATGCGGTTGATGACGC,CTCGCGCATGCGGTTGATGACGC
chr2,144400160,144400182,-,TTGGTTTAATCTCTGTAAATGGC,TTGGTTTAATCTCTGTAAATGGC,2-144400160-G-A,60.33333333,11717,GAGTGCCCAAACTGCAAGAAACGTTTCTCCCATTCTGGTTCCTACAGTTCGCACATCAGCAGCAAGAAATGTATTGGTTTAATCTCTGTAAATGGCCGAATGAGAAACAATATCAAGACGGGTTCTTCCCCTAATTCTGTTTCTTCTTCTCCTACTAATTCAGCCATTA,"0.999,0.999,0.999,0.999,0.999,0.999,0.999,0.999,0.999,0.999,0.999,0.999,0.999,0.999,0.999,0.999,0.999,0.999,0.999,0.999,0.999,0.999,0.999","0.359,0.195,0.129,1.224,1.406,1.699,1.417,0.665,0.543,0.423,-0.168,-1.921,-1.734,-1.406,-0.888,-0.744,-0.402,-0.637,-1.023,-0.488,0.358,0.411,0.584","0.422,0.415,0.422,0.415,0.422,0.422,0.415,0.408,0.408,0.408,0.408,0.408,0.401,0.401,0.401,0.395,0.401,0.408,0.408,0.408,0.408,0.408,0.401","468.69,465.28,460.88,459.75,459.45,458.18,461.88,458.19,454.74,454.94,454.66,458.96,465.82,461.73,458.56,457.46,457.67,458.18,460.68,457.49,455.09,456.86,454.8",TTGGTTTAATCTCTGTAAATGGC,TTGGTTTAATCTCTGTAAATGGC
chr16,16165620,16165642,-,CTCCTCTACGCTGGGTTTCAGGT,CTCCTCTACGCTGGGTTTCAGGT,16-16165618-C-G,70.20470053,52371,TGGACTCCTGGAGGTCAGCCTGGTGGTGGCAGTGGCTACCCCACTGGCCACTGTGGCCATCCTGCCACTGTTTCTCCTCTACGCTGGGTTTCAGGTACGGAGAGGTCAGGGAGGCTTCCGGGACCGGCTGAGGTCAACTCAGCCAGTCCCCTGTCTCTGGGGAAGACTC,"1.000,1.000,1.000,1.000,1.000,1.000,1.000,1.000,1.000,1.000,1.000,1.000,1.000,1.000,1.000,1.000,1.000,1.000,1.000,1.000,1.000,1.000,1.000","1.189,0.682,0.458,0.491,0.239,0.878,0.592,1.400,1.353,0.810,-0.773,-1.243,-2.086,-1.244,-0.221,0.070,-0.038,-1.442,-1.621,-0.645,-0.075,0.798,0.429","0.626,0.633,0.633,0.633,0.639,0.633,0.639,0.633,0.633,0.633,0.633,0.626,0.633,0.633,0.633,0.639,0.633,0.633,0.633,0.626,0.626,0.626,0.626","470.94,468.46,471.31,471.99,474.69,474.36,471.15,463.1,461.48,463.39,472.24,468.84,469.58,465.29,468.53,469.14,472.66,471.29,467.12,459.95,459.48,460.08,467.13",CTCCTCTACGCTGGGTTTCAGGT,CTCCTCTACGCTGGGTTTCAGGT
chr14,23416869,23416891,+,CGGCCTCCTCCAGGGCTGACTGC,CGGCCTCCTCCAGGGCTGACTGC,14-23416890-T-G,84.89289741,30043,GGGGGATGAGAACAGGGACCAAAAGCCTGGAGCTCAGCTCCCTGCACCCCGTGCCCTGCACACACACACACCTCGGCCTCCTCCAGGGCTGACTGCAGCTCCATCTTCTCGGCCTCCAGCTGCTTTCGGACCTTCTCCAGCTCATGGATAGTCTTTCCGCTGGAACCCA,"1.000,1.000,1.000,1.000,1.000,1.000,1.000,1.000,1.000,1.000,1.000,1.000,1.000,1.000,1.000,1.000,1.000,1.000,1.000,1.000,1.000,1.000,1.000","1.054,0.471,0.495,0.129,-0.541,-0.247,0.836,1.630,0.697,-0.342,-0.801,-1.646,-1.887,0.998,1.456,-1.068,-1.133,-0.437,-1.020,-0.516,-0.175,0.938,1.110","0.633,0.626,0.619,0.612,0.612,0.605,0.612,0.612,0.605,0.605,0.605,0.612,0.619,0.619,0.619,0.619,0.619,0.612,0.612,0.612,0.612,0.619,0.619","452.79,458.42,455.8,456.97,454.83,462.68,458.48,459.1,462.96,462.82,455.8,454.78,457.13,460.45,457.55,458.41,455.35,463.68,459.24,458.23,463.24,463.11,457.24",CGGCCTCCTCCAGGGCTGACTGC,CGGCCTCCTCCAGGGCTGACTGC
chr5,36975945,36975967,+,ATAATTAGTTCTCCATCCAAGGA,ATAATTAGTTCTCCATCCAAGGA,5-36975964-A-T,75.10204082,47227,ACAAAAGAAGCAGAAGAAAATGAAATTAGGCAAGGATGAAAAAGAGCAGAGTGAGAAAGCGGCAATGTATGATATAATTAGTTCTCCATCCAAGGACTCTACTAAACTTACATTAAGACTTTCTCGTGTAAGGTCTTCAGACATGGACCAGCAAGAGGATATGATTTCT,"0.902,0.902,0.902,0.902,0.902,0.902,0.902,0.902,0.902,0.902,0.902,0.902,0.902,0.902,0.902,0.902,0.902,0.902,0.902,0.902,0.902,0.902,0.902","-1.578,-0.808,-0.277,-0.016,0.167,-0.159,2.141,1.878,1.460,0.452,-0.966,-0.852,-0.871,0.108,1.417,-0.178,-1.277,-1.190,0.524,0.503,-0.345,0.173,-0.306","0.367,0.374,0.374,0.374,0.381,0.388,0.388,0.381,0.388,0.388,0.388,0.388,0.388,0.381,0.381,0.381,0.381,0.381,0.381,0.381,0.381,0.388,0.381","455.03,458.9,461.16,459.6,459.9,461.38,461.82,458.92,460.63,461.2,458.13,452.53,457.27,461.02,463.42,461.25,461.98,463.92,463.23,461.8,463.08,461.36,458.59",ATAATTAGTTCTCCATCCAAGGA,ATAATTAGTTCTCCATCCAAGGA
chr5,37048494,37048516,-,TGAATAAAGGCAAATCCTATGGG,TGAATAAAGGCAAATCCTATGGG,5-37048500-A-C,0.392156863,47403,TGAGGAGTTCTTATCAGATAAAATATTATTATATAGATTCTTCACTTCTTGCTCGAACATTAGACTTGGATGCTGAATAAAGGCAAATCCTATGGGAGAGGGGAAAAATCTCATCATATATTCATATTAAAATTAAATAAAACATTTAATAAATATGTTAATAAATTAT,"0.000,0.000,0.000,0.000,0.000,0.000,0.000,0.000,0.000,0.000,0.000,0.000,0.000,0.000,0.000,0.000,0.000,0.000,0.000,0.000,0.000,0.000,0.000","2.308,1.482,0.690,0.259,1.078,0.503,0.145,-1.920,-1.263,-1.510,-0.989,0.584,0.746,0.790,0.119,0.569,-0.367,-0.729,-0.660,-0.514,-0.604,-0.127,-0.590","0.286,0.286,0.279,0.279,0.272,0.265,0.265,0.259,0.259,0.259,0.259,0.259,0.259,0.259,0.259,0.252,0.252,0.245,0.245,0.245,0.245,0.245,0.245","448.65,445.72,442.47,446.93,451.86,451.52,447.89,445.43,445.83,447.48,449.36,445.64,446.27,444.94,440.54,444.02,449.28,448.98,446.01,444.72,443.39,445.11,447.48",TGAATAAAGGCAAATCCTATGGG,TGAATAAAGGCAAATCCTATGGG
chr20,63688160,63688182,-,TCACCCAGAGCCTTCCCCAGGGA,TCACCCAGAGCCTTCCCCAGGGA,20-63688161-T-G,59.74499089,58296,CAGGGTTCCCTACCAGCTCTTGGGAGCAGGGGTCCAGGATCCAGGATGGGCACAGCTGGGGCATTCAGGGCACTCACCCAGAGCCTTCCCCAGGGAGGATAAGCACTCCTCGGAAAACCTAGAGCCGGAGAGGCCACTGCTCAGGACCTCAGGCCTCAGTGCTCCCCCA,"1.000,1.000,1.000,1.000,1.000,1.000,1.000,1.000,1.000,1.000,1.000,1.000,1.000,1.000,1.000,1.000,1.000,1.000,1.000,1.000,1.000,1.000,1.000","-0.505,-0.107,-0.533,-0.217,0.403,-0.969,-0.448,0.384,0.811,1.267,1.085,-0.015,-2.029,-1.758,-1.024,-0.765,-0.143,-0.234,0.188,-0.125,1.501,1.437,1.797","0.626,0.626,0.626,0.626,0.619,0.619,0.626,0.633,0.633,0.626,0.626,0.626,0.633,0.626,0.626,0.633,0.626,0.626,0.633,0.633,0.639,0.646,0.639","472.2,464.81,461.23,467.25,468.81,466.59,466.11,462.13,467.47,467.33,468.47,467.53,473.47,466.55,462.86,468.51,469.81,467.79,467.6,464.9,470.05,467.33,469.95",TCACCCAGAGCCTTCCCCAGGGA,TCACCCAGAGCCTTCCCCAGGGA
chr5,36674076,36674098,-,GTGTTTACCTGTTTAAAGCAGGC,GTGTTTACCTGTTTAAAGCAGGC,5-36674080-T-A,33.91304348,64010,AGCAGGGAAAAGAGGGTCCCACTTGGTTTGGTATAGAAAAGAGGAATTTAAAAGGCAAGTTAATGTCTGTAGAGTGTTTACCTGTTTAAAGCAGGCTTCTACCAGATTTGGAGGGAACATGTTCCTGCAAAGAAAGTAATAGTCACTTGCAAAATTTTCCAAGTAATAA,"0.982,0.982,0.982,0.982,0.982,0.982,0.982,0.982,0.982,0.982,0.982,0.982,0.982,0.982,0.982,0.982,0.982,0.982,0.982,0.982,0.982,0.982,0.982","1.231,0.893,-0.839,0.920,1.166,0.908,-0.359,-1.710,-0.776,0.090,1.250,0.495,0.526,1.381,0.690,-0.617,-1.737,-0.385,0.260,-0.864,0.019,-0.936,-1.606","0.401,0.401,0.401,0.401,0.401,0.395,0.388,0.381,0.381,0.381,0.381,0.381,0.381,0.388,0.381,0.374,0.374,0.374,0.367,0.361,0.354,0.354,0.347","464.76,464.86,464.87,459.15,455.85,463.65,460.96,459.06,455.51,461.4,455.09,458.34,466.47,465.68,464.15,460.72,457.61,463.78,459.85,459.67,457.44,462.37,455.5",GTGTTTACCTGTTTAAAGCAGGC,GTGTTTACCTGTTTAAAGCAGGC
