averageedited,averageunedited,averageindel,HGVS,Gene,Phenotype,PBSlength,RToverhanglength,RTlength,ReferenceAllele,AlternateAllele,Correction_Type,Correction_Length,DesignNr_per_variant,Editing_Position,Target_Strand,Duplicate,protospacerlocation_only_initial,PBSlocation,RT_initial_location,RT_mutated_location,wide_initial_target,wide_mutated_target,deepcas9,MFE_protospacer,MFE_protospacer_scaffold,MFE_extension,MFE_extension_scaffold,MFE_protospacer_extension_scaffold,MFE_rt,MFE_pbs,Editing_Position_Ahmed,PE1df_totalreads,PE1df_percentageedited,PE1df_percentageunedited,PE1df_percentageindel,PE1df_editedcount,PE1df_uneditedcount,PE1df_indelcount,PE1df_nickindelcount,PE1df_beforeflapindelcount,PE1df_percentagenickindel,PE1df_percentagebeforeflapindel,PE2df_totalreads,PE2df_percentageedited,PE2df_percentageunedited,PE2df_percentageindel,PE2df_editedcount,PE2df_uneditedcount,PE2df_indelcount,PE2df_nickindelcount,PE2df_beforeflapindelcount,PE2df_percentagenickindel,PE2df_percentagebeforeflapindel,PE3df_totalreads,PE3df_percentageedited,PE3df_percentageunedited,PE3df_percentageindel,PE3df_editedcount,PE3df_uneditedcount,PE3df_indelcount,PE3df_nickindelcount,PE3df_beforeflapindelcount,PE3df_percentagenickindel,PE3df_percentagebeforeflapindel,CTRdf_totalreads,CTRdf_percentageedited,CTRdf_percentageunedited,CTRdf_percentageindel,CTRdf_editedcount,CTRdf_uneditedcount,CTRdf_indelcount,CTRdf_nickindelcount,CTRdf_beforeflapindelcount,CTRdf_percentagenickindel,CTRdf_percentagebeforeflapindel,CTRrep1df_totalreads,CTRrep1df_percentageedited,CTRrep1df_percentageunedited,CTRrep1df_percentageindel,CTRrep1df_editedcount,CTRrep1df_uneditedcount,CTRrep1df_indelcount,CTRrep1df_nickindelcount,CTRrep1df_beforeflapindelcount,CTRrep1df_percentagenickindel,CTRrep1df_percentagebeforeflapindel,CTRrep2df_totalreads,CTRrep2df_percentageedited,CTRrep2df_percentageunedited,CTRrep2df_percentageindel,CTRrep2df_editedcount,CTRrep2df_uneditedcount,CTRrep2df_indelcount,CTRrep2df_nickindelcount,CTRrep2df_beforeflapindelcount,CTRrep2df_percentagenickindel,CTRrep2df_percentagebeforeflapindel,PE1df_percentageedited_corrected_individual,PE1df_percentageindel_corrected_individual,PE1df_percentageunedited_corrected_individual,PE1df_percentagenickindel_corrected_individual,PE1df_percentagebeforeflapindel_corrected_individual,PE2df_percentageedited_corrected_individual,PE2df_percentageindel_corrected_individual,PE2df_percentageunedited_corrected_individual,PE2df_percentagenickindel_corrected_individual,PE2df_percentagebeforeflapindel_corrected_individual,PE3df_percentageedited_corrected_individual,PE3df_percentageindel_corrected_individual,PE3df_percentageunedited_corrected_individual,PE3df_percentagenickindel_corrected_individual,PE3df_percentagebeforeflapindel_corrected_individual,CTRrep1df_percentageedited_corrected_individual,CTRrep1df_percentageindel_corrected_individual,CTRrep1df_percentageunedited_corrected_individual,CTRrep1df_percentagenickindel_corrected_individual,CTRrep1df_percentagebeforeflapindel_corrected_individual,CTRrep2df_percentageedited_corrected_individual,CTRrep2df_percentageindel_corrected_individual,CTRrep2df_percentageunedited_corrected_individual,CTRrep2df_percentagenickindel_corrected_individual,CTRrep2df_percentagebeforeflapindel_corrected_individual,polytvalues,polygvalues,polyavalues,polycvalues,Extension_seq,RT_seq,RToverhang_seq,PBS_seq,Proto_GC_content,Extension_GC_content,RT_GC_content,PBS_GC_content,original_GC_content,edited_GC_content,Proto_GC_count,Extension_GC_count,RT_GC_count,PBS_GC_count,original_GC_count,edited_GC_count,RToverhangmatches,RTmt,RToverhangmt,PBSmt,protospacermt,extensionmt,original_base_mt,edited_base_mt,beforeafteredit,basebefore,baseafter,NGGNN_PAM,nickbasebefore,nickbaseafter,nickbasebeforeafter,flapbasebefore,flapbaseafter,basebeforeafter,protobase_1,protobase_2,protobase_3,protobase_4,protobase_5,protobase_6,protobase_7,protobase_8,protobase_9,protobase_10,protobase_11,protobase_12,protobase_13,protobase_14,protobase_15,protobase_16,protobase_17,protobase_18,protobase_19,uniqueprotoname,bestoverhang,Namenr,uniqueindex,flapbasebefore_revcomp,flabbaserevised,basebeforeproto
30.45125675,49.05369015,20.4950531,NM_004608.3(TBX6):c.704dup (p.Met236fs),TBX6,Spondylocostal dysostosis 5,13,3,9,-,C,Deletion,1,12,5,'Rv',0,"[10, 29]","[13, 26]","[26, 36]","[26, 35]",GCAGCCCAGCTCTGCAGCCAGCACTGGGGGGGGCATGGCCTCCTTCCGCTTCCCCGAGACCACATTCATCTCCGTGACAGCCAAAAAAAGCAGCCAGCA,GCAGCCCAGCTCTGCAGCCAGCACTGGGGGGGCATGGCCTCCTTCCGCTTCCCCGAGACCACATTCATCTCCGTGACAGCCAAAAAAAGCAGCCAGCAC,51.83144379,-3.5,-37.40000153,-2.900000095,-37.90000153,-70.80000305,0.0,-2.599999905,32,1039,35.22617902,43.40712223,21.36669875,366,451,222,31,60,0.029836381,0.057747834,1168,32.53424658,37.24315068,30.22260274,380,435,353,17,45,0.014554795,0.038527397,950,26.10526316,39.05263158,34.84210526,248,371,331,26,52,0.027368421,0.054736842,1329,1.203912716,88.33709556,10.45899172,16,1174,139,3,33,0.002257336,0.0248307,576,2.430555556,87.84722222,9.722222222,14,506,56,3,33,0.005208333,0.057291667,753,0.26560425,88.71181939,11.02257636,2,668,83,17,57,0.022576361,0.075697211,34.43685599,12.18180054,53.38134347,2.981448079,5.751380854,31.71212011,22.07213365,46.21574625,1.453254921,3.828859759,25.20479416,27.23122512,47.56398071,2.734646499,5.450206835,1.241590505,-0.822829132,99.58123863,0.518587703,5.705752745,-0.949742538,0.629415113,100.3203274,2.255429698,7.54676433,1,4,1,7,ATGCCCCCCCAGTGCTGGCTGC,ATGCCCCCC,ATG,CAGTGCTGGCTGC,70,72.72727273,77.77777778,69.23076923,100.0,0.0,14,16,7,9,1,0,1,32,8,44,68,76,4,0,C-,G,C,GGGGC,G,G,GG,T,G,GC,T,C,T,G,C,A,G,C,C,A,G,C,A,C,T,G,G,G,G,NM_004608.3(TBX6):c.704dup (p.Met236fs)TCTGCAGCCAGCACTGGGG5,10.0,8488,59720,A,A,C
9.497369342,89.40099389,1.101636763,NM_014946.3(SPAST):c.465del (p.Glu155fs),SPAST,"Spastic paraplegia 4, autosomal dominant;not provided",13,7,10,A,-,Insertion,1,4,2,'Fw',0,"[10, 29]","[13, 26]","[26, 35]","[26, 36]",TGGAATGGTATAAGAAAGGTATTGAAGACTGGAAAAAGGAATAGCTGTTATAGTTACAGGACAAGGTAAGATTGTATTTGTAAAAAAAGAAAGGTATTG,TGGAATGGTATAAGAAAGGTATTGAAGAACTGGAAAAAGGAATAGCTGTTATAGTTACAGGACAAGGTAAGATTGTATTTGTAAAAAAAGAAAGGTATT,25.71187019,0.0,-34.09999847,0.0,-33.70000076,-52.09999847,0.0,0.0,28,1087,10.30358786,86.10855566,3.587856486,112,936,39,20,24,0.018399264,0.022079117,887,10.7102593,86.02029312,3.269447576,95,763,29,12,13,0.013528749,0.014656144,1150,7.47826087,87.91304348,4.608695652,86,1011,53,14,23,0.012173913,0.02,1127,0.0,97.24933452,2.750665484,0,1096,31,8,9,0.007098492,0.007985803,517,0.0,97.09864603,2.901353965,0,502,15,8,9,0.015473888,0.017408124,610,0.0,97.37704918,2.62295082,0,594,16,5,9,0.008196721,0.014754098,10.30358786,0.860870675,88.83554147,1.832958024,2.200101576,10.7102593,0.533455674,88.75628503,1.345871904,1.45774504,7.47826087,1.910583942,90.61115519,1.210378731,1.992173288,0.0,0.154950656,99.84504934,1.540399635,1.732964967,0.0,-0.131327031,100.131327,0.812631324,1.467541228,3,2,3,2,TTTCCAGTTCTTCAATACCTTTC,TTTCCAGTTC,TTTCCAG,TTCAATACCTTTC,35,34.7826087,40.0,30.76923077,0.0,0.0,7,8,4,4,0,0,1,28,20,34,54,62,0,2,#NAME?,A,C,TGGAA,A,G,AG,A,A,AC,T,A,A,G,A,A,A,G,G,T,A,T,T,G,A,A,G,A,C,NM_014946.3(SPAST):c.465del (p.Glu155fs)TAAGAAAGGTATTGAAGAC2,7.0,10195,21224,T,T,A
8.427900133,89.19409264,2.378007227,NM_000267.3(NF1):c.603del (p.Phe201fs),NF1,"Neurofibromatosis, type 1",13,10,21,T,-,Insertion,1,8,10,'Rv',0,"[10, 29]","[13, 26]","[26, 46]","[26, 47]",TATAACTGCTAACTGCGCAACCTTCTTTAGGGCTTTAATTTAAATGCTGTTTCTGGAAAAAACACAATTTAAAAAAATGCGCAACCTTCTTTAGGGCTT,TATAACTGCTAACTGCGCAACCTTCTTTAGGGCTTTAAATTTAAATGCTGTTTCTGGAAAAAACACAATTTAAAAAAATGCGCAACCTTCTTTAGGGCT,21.59521294,0.0,-32.79999924,-2.5,-41.59999847,-66.5,0.0,0.0,36,424,10.14150943,84.43396226,5.424528302,43,358,23,6,19,0.014150943,0.044811321,508,6.88976378,89.96062992,3.149606299,35,457,16,4,11,0.007874016,0.021653543,412,8.252427184,89.5631068,2.184466019,34,369,9,3,5,0.007281553,0.012135922,404,0.0,98.76237624,1.237623762,0,399,5,0,1,0.0,0.002475248,138,0.0,98.55072464,1.449275362,0,136,2,0,1,0.0,0.007246377,266,0.0,98.87218045,1.127819549,0,263,3,1,2,0.003759398,0.007518797,10.14150943,4.239372015,85.61911855,1.41509434,4.478767689,6.88976378,1.935942218,91.174294,0.787401575,2.162932621,8.252427184,0.958707448,90.78886537,0.72815534,1.211146964,0.0,0.214303876,99.78569612,0.0,0.722180309,0.0,-0.111180206,100.1111802,0.37593985,0.749423002,3,2,3,3,CATTTAAATTTAAAGCCCTAAAGAAGGTTGCGCA,CATTTAAATTTAAAGCCCTAA,CATTTAAATT,AGAAGGTTGCGCA,45,35.29411765,23.80952381,53.84615385,0.0,0.0,9,12,5,7,0,0,1,52,22,40,58,92,0,2,#NAME?,T,A,GGGCT,T,T,TT,G,C,TA,A,A,C,T,G,C,G,C,A,A,C,C,T,T,C,T,T,T,A,NM_000267.3(NF1):c.603del (p.Phe201fs)AACTGCGCAACCTTCTTTA10,15.0,2337,51112,C,C,T
19.88082048,78.15775256,1.961426956,NM_000202.8(IDS):c.1132_1133del (p.Phe378fs),IDS,"Mucopolysaccharidosis, MPS-II",13,7,15,AA,-,Insertion,2,12,6,'Fw',0,"[10, 29]","[13, 26]","[26, 39]","[26, 41]",GTGAGGCGGAATCAAAAGGGTCGAGGTAAGGGAAGCTTCTCGCCTGCCTCCGGAAGTGAAGCCGTCCTTCCAGGAAAAAAAAAAAAAGGGTCGAGGTAA,GTGAGGCGGAATCAAAAGGGTCGAGGTAAGGGAAAAGCTTCTCGCCTGCCTCCGGAAGTGAAGCCGTCCTTCCAGGAAAAAAAAAAAAAGGGTCGAGGT,27.07811928,-2.700000048,-36.90000153,0.0,-35.70000076,-62.59999847,0.0,0.0,32,1446,17.08160443,69.57123098,13.34716459,247,1006,193,18,35,0.012448133,0.024204703,1293,19.95359629,71.22969838,8.816705336,258,921,114,12,24,0.009280742,0.018561485,1212,22.60726073,68.97689769,8.415841584,274,836,102,19,46,0.015676568,0.037953795,1715,0.0,91.60349854,8.396501458,0,1571,144,3,7,0.001749271,0.004081633,826,0.0,91.52542373,8.474576271,0,756,70,3,7,0.003631961,0.008474576,889,0.0,91.67604049,8.323959505,0,815,74,5,13,0.005624297,0.014623172,17.08160443,5.404447661,77.51394791,1.243085752,2.416487262,19.95359629,0.458720339,79.58768337,0.926341179,1.852142457,22.60726073,0.021112869,77.37162641,1.565934887,3.791452658,0.0,0.085231257,99.91476874,0.361453178,0.843410419,0.0,-0.079191247,100.0791912,0.560690233,1.4582951,4,3,4,3,GAAGCTTTTCCCTTACCTCGACCCTTTT,GAAGCTTTTCCCTTA,GAAGCTT,CCTCGACCCTTTT,45,46.42857143,40.0,53.84615385,0.0,0.0,9,13,6,7,0,0,1,42,20,40,58,82,0,4,#NAME?,G,A,GGGAA,G,T,GT,C,T,GA,A,T,C,A,A,A,A,G,G,G,T,C,G,A,G,G,T,A,A,NM_000202.8(IDS):c.1132_1133del (p.Phe378fs)ATCAAAAGGGTCGAGGTAA6,15.0,1671,81125,G,G,A
68.96895116,27.90123085,3.129817989,NM_000518.5(HBB):c.51del (p.Lys18fs),HBB,Hemoglobinopathy;beta Thalassemia;beta^0^ Thalassemia;not provided,13,10,18,G,-,Insertion,1,12,7,'Rv',1,"[10, 29]","[13, 26]","[26, 43]","[26, 44]",TGAGGAGAAGTCTGCCGTTACTGCCCTGTGGGGAAGGTGAACGTGGATGAAGTTGGTGGTGAGGCCCTGGGCAAAAAAAAGCCGTTACTGCCCTGTGGG,TGAGGAGAAGTCTGCCGTTACTGCCCTGTGGGGCAAGGTGAACGTGGATGAAGTTGGTGGTGAGGCCCTGGGCAAAAAAAAGCCGTTACTGCCCTGTGG,43.33691406,0.0,-37.5,-10.69999981,-49.0,-69.09999847,0.0,0.0,33,388,70.87628866,11.8556701,17.26804124,275,46,67,14,29,0.036082474,0.074742268,405,67.90123457,12.59259259,19.50617284,275,51,79,14,27,0.034567901,0.066666667,433,68.12933025,13.16397229,18.70669746,295,57,81,21,40,0.048498845,0.092378753,372,0.0,84.13978495,15.86021505,0,313,59,11,24,0.029569892,0.064516129,197,0.0,83.75634518,16.24365482,0,165,32,11,24,0.055837563,0.121827411,175,0.0,84.57142857,15.42857143,0,148,27,10,20,0.057142857,0.114285714,70.87628866,1.67319917,27.45051217,3.579736054,7.41449422,67.90123457,4.333215004,27.76555043,3.428233956,6.606412739,68.12933025,3.383039792,28.48762995,4.821740418,9.179281277,0.0,0.455717552,99.54428245,5.555829305,12.12604824,0.0,-0.513007759,100.5130078,5.686397283,11.37139168,2,3,2,4,CGTTCACCTTGCCCCACAGGGCAGTAACGGC,CGTTCACCTTGCCCCACA,CGTTCACCTT,GGGCAGTAACGGC,60,64.51612903,61.11111111,69.23076923,0.0,100.0,12,20,11,9,0,1,1,58,30,44,64,102,0,4,#NAME?,G,A,GGGGA,C,T,CT,G,T,GA,T,C,T,G,C,C,G,T,T,A,C,T,G,C,C,C,T,G,T,NM_000518.5(HBB):c.51del (p.Lys18fs)TCTGCCGTTACTGCCCTGT7,10.0,4194,5734,C,C,G
59.78864771,36.15341075,4.057941541,NM_000027.4(AGA):c.800del (p.Leu267fs),AGA,Aspartylglucosaminuria,13,15,20,A,-,Insertion,1,8,4,'Fw',0,"[10, 29]","[13, 26]","[26, 45]","[26, 46]",AATTCACAAACTAAGAAGTCATACCTTGGCGGAAGCGCATCAATATATCACCATTCCCAGTGGCTGCGGCTAAAAAAAAGAAGTCATACCTTGGCAGGA,AATTCACAAACTAAGAAGTCATACCTTGGCAGGAAGCGCATCAATATATCACCATTCCCAGTGGCTGCGGCTAAAAAAAAGAAGTCATACCTTGGCAGG,63.81097412,-1.399999976,-33.09999847,-2.700000048,-40.09999847,-64.09999847,-1.200000048,0.0,30,1911,57.98011512,35.58346415,6.436420722,1108,680,123,7,60,0.003663004,0.031397174,1915,58.48563969,30.91383812,10.60052219,1120,592,203,27,102,0.014099217,0.053263708,1593,62.90018832,27.68361582,9.416195857,1002,441,150,18,69,0.011299435,0.043314501,2056,0.0,95.03891051,4.961089494,0,1954,102,3,24,0.001459144,0.011673152,984,0.0,95.83333333,4.166666667,0,943,41,3,24,0.00304878,0.024390244,1072,0.0,94.30970149,5.690298507,0,1011,61,10,41,0.009328358,0.038246269,57.98011512,1.552344424,40.46754045,0.364846546,3.128409458,58.48563969,5.933814549,35.58054576,1.408483079,5.315318071,62.90018832,4.687665651,32.41214603,1.128500825,4.320281255,0.0,-0.835892187,100.8358922,0.303423332,2.42763462,0.0,0.767274172,99.23272583,0.931390267,3.813398858,2,2,2,2,TATTGATGCGCTTCCTGCCAAGGTATGACTTCT,TATTGATGCGCTTCCTGCCA,TATTGATGCGCTTCC,AGGTATGACTTCT,45,45.45454545,50.0,38.46153846,0.0,0.0,9,15,10,5,0,0,1,60,44,36,58,96,0,2,#NAME?,C,G,CGGAA,T,T,TT,A,T,CG,C,T,A,A,G,A,A,G,T,C,A,T,A,C,C,T,T,G,G,NM_000027.4(AGA):c.800del (p.Leu267fs)CTAAGAAGTCATACCTTGG4,10.0,129,72443,T,T,A
1.391399404,96.95238128,1.656219317,NM_018972.4(GDAP1):c.501del (p.Glu168fs),GDAP1,Charcot-Marie-Tooth disease;not provided,13,7,20,A,-,Insertion,1,4,12,'Fw',0,"[10, 29]","[13, 26]","[26, 45]","[26, 46]",TCCAAAATGTTTTTATTATCAGGCCAAATTGGAAACACGAGTCTGAGCTGAAGAAACTTGCTGAAGAAAACAAAAAAATATTATCAGGCCAAATTGGAA,TCCAAAATGTTTTTATTATCAGGCCAAATTGGAAACACAGAGTCTGAGCTGAAGAAACTTGCTGAAGAAAACAAAAAAATATTATCAGGCCAAATTGGA,-0.398905873,0.0,-36.79999924,-1.100000024,-42.59999847,-62.20000076,-0.600000024,0.0,38,1156,0.605536332,91.9550173,7.439446367,7,1063,86,28,57,0.024221453,0.049307958,1156,2.076124567,90.91695502,7.006920415,24,1051,81,45,64,0.038927336,0.055363322,1206,1.492537313,93.86401327,4.64344942,18,1132,56,28,43,0.023217247,0.035655058,1170,0.0,95.21367521,4.786324786,0,1114,56,7,10,0.005982906,0.008547009,457,0.0,97.37417943,2.625820569,0,445,12,7,10,0.015317287,0.021881838,713,0.0,93.82889201,6.171107994,0,669,44,16,30,0.022440393,0.042075736,0.605536332,2.786492145,96.60797152,2.416306988,4.92266958,2.076124567,2.332223416,95.59165202,3.886983213,5.528257672,1.492537313,-0.150057611,98.6575203,2.315880361,3.557262835,0.0,-2.269111252,102.2691113,1.525837049,2.179823109,0.0,1.45439529,98.54560471,2.238190274,4.199385546,4,2,3,2,CAGACTCTGTGTTTCCAATTTGGCCTGATAATA,CAGACTCTGTGTTTCCAATT,CAGACTC,TGGCCTGATAATA,30,39.39393939,40.0,38.46153846,0.0,0.0,6,13,8,5,0,0,1,56,22,36,52,92,0,2,#NAME?,C,G,TGGAA,A,A,AA,G,A,CG,T,T,T,T,A,T,T,A,T,C,A,G,G,C,C,A,A,A,T,NM_018972.4(GDAP1):c.501del (p.Glu168fs)TTTTATTATCAGGCCAAAT12,10.0,10949,21979,C,C,T
8.504566203,87.99035049,3.505083308,NM_005210.4(CRYGB):c.72del (p.Asn25fs),CRYGB,"Cataract 39, multiple types",13,15,19,G,-,Insertion,1,12,3,'Fw',0,"[10, 29]","[13, 26]","[26, 44]","[26, 45]",TTGCAGCGGCTGAAATAGGGTTGTAGGTTGGGCAGTCAGTGGTGCATTCGTAGCTGCGGCCCTGGAAGGCCCAAAAAAAAATAGGGTTGTAGGTTGGGG,TTGCAGCGGCTGAAATAGGGTTGTAGGTTGGGGCAGTCAGTGGTGCATTCGTAGCTGCGGCCCTGGAAGGCCCAAAAAAAAATAGGGTTGTAGGTTGGG,42.87031555,0.0,-36.90000153,0.0,-43.40000153,-67.59999847,0.0,0.0,29,1018,7.465618861,82.80943026,9.724950884,76,843,99,11,83,0.010805501,0.081532417,1089,8.356290174,80.53259871,11.11111111,91,877,121,6,89,0.005509642,0.081726354,1015,9.950738916,78.52216749,11.5270936,101,797,117,13,87,0.012807882,0.085714286,1060,0.094339623,92.35849057,7.547169811,1,979,80,1,27,0.000943396,0.025471698,440,0.0,92.04545455,7.954545455,0,405,35,1,27,0.002272727,0.061363636,620,0.161290323,92.58064516,7.258064516,1,574,45,4,36,0.006451613,0.058064516,7.378239841,2.35555912,90.26620104,1.079616887,8.129840761,8.269752205,3.854875283,87.87537251,0.55002598,8.149239497,9.865706564,4.304815522,85.82947791,1.279856855,8.548134228,-0.094428706,0.440630798,99.65379791,0.226331466,6.112448883,0.067013921,-0.312705727,100.2456918,0.644223972,5.782452804,2,3,3,4,CACCACTGACTGCCCCAACCTACAACCCTATT,CACCACTGACTGCCCCAAC,CACCACTGACTGCCC,CTACAACCCTATT,40,53.125,63.15789474,38.46153846,0.0,100.0,8,17,12,5,0,1,1,62,50,36,56,98,0,4,#NAME?,T,G,GGGCA,G,G,GG,G,C,TG,T,G,A,A,A,T,A,G,G,G,T,T,G,T,A,G,G,T,T,NM_005210.4(CRYGB):c.72del (p.Asn25fs)TGAAATAGGGTTGTAGGTT3,10.0,8843,73060,C,C,C
6.935995502,93.0640045,0.0,NM_000267.3(NF1):c.2753del (p.Lys918fs),NF1,Hereditary cancer-predisposing syndrome,13,10,15,A,-,Insertion,1,4,4,'Fw',0,"[10, 29]","[13, 26]","[26, 40]","[26, 41]",AAGTGGGACTTCAAATACGGACCAATGTTAGGATCTGGTGGGTCTAGAATTGAGTCCTGCTCTGTATCCAATGCTAAAAAAAAAATACGGACCAATGTT,AAGTGGGACTTCAAATACGGACCAATGTTAAGGATCTGGTGGGTCTAGAATTGAGTCCTGCTCTGTATCCAATGCTAAAAAAAAAATACGGACCAATGT,38.5808754,-0.800000012,-41.90000153,-1.700000048,-42.20000076,-62.90000153,0.0,0.0,30,1007,5.660377358,88.28202582,6.057596822,57,889,61,9,33,0.008937438,0.032770606,950,6.0,82.63157895,11.36842105,57,785,108,13,37,0.013684211,0.038947368,962,9.147609148,86.48648649,4.365904366,88,832,42,10,23,0.01039501,0.023908524,1046,0.0,92.44741874,7.552581262,0,967,79,5,14,0.004780115,0.013384321,436,0.0,91.97247706,8.027522936,0,401,35,5,14,0.01146789,0.032110092,610,0.0,92.78688525,7.213114754,0,566,44,10,20,0.016393443,0.032786885,5.660377358,-1.617118639,95.95674128,0.889006174,3.264113134,6.0,4.127578512,89.87242149,1.363706125,3.881872083,9.147609148,-3.447015546,94.2994064,1.034770388,2.37778632,0.0,0.513742493,99.48625751,1.142063468,3.198052891,0.0,-0.367199552,100.3671996,1.634642285,3.265741301,2,2,3,2,CACCAGATCCTTAACATTGGTCCGTATT,CACCAGATCCTTAAC,CACCAGATCC,ATTGGTCCGTATT,40,42.85714286,46.66666667,38.46153846,0.0,0.0,8,12,7,5,0,0,1,44,32,36,56,80,0,2,#NAME?,A,G,AGGAT,T,G,TG,G,G,AG,T,C,A,A,A,T,A,C,G,G,A,C,C,A,A,T,G,T,T,NM_000267.3(NF1):c.2753del (p.Lys918fs)TCAAATACGGACCAATGTT4,7.0,2249,51353,C,C,T
0.0,89.83031384,10.16968616,NM_003482.3(KMT2D):c.8171_8175del (p.Pro2724fs),KMT2D,Kabuki syndrome 1,13,3,16,GCTGG,-,Insertion,5,8,8,'Fw',0,"[10, 29]","[13, 26]","[26, 37]","[26, 42]",TCTGGCCTCGACTCAGCTGCTCAAAGGCAGGGCTGCTCAGCACCCCAGCTGCCTGGAGGCCCCACTGCTCCTGCAAAAAAAACAGCTGCTCAAAGGCAG,TCTGGCCTCGACTCAGCTGCTCAAAGGCAGGGCTGCTGGGCTCAGCACCCCAGCTGCCTGGAGGCCCCACTGCTCCTGCAAAAAAAACAGCTGCTCAAA,57.89611053,-1.899999976,-38.90000153,-6.199999809,-40.79999924,-64.90000153,-0.600000024,0.0,34,639,0.0,81.3771518,18.6228482,0,520,119,27,86,0.042253521,0.13458529,576,0.0,70.83333333,29.16666667,0,408,168,49,86,0.085069444,0.149305556,521,0.0,77.54318618,22.45681382,0,404,117,55,84,0.105566219,0.161228407,746,0.0,85.25469169,14.74530831,0,636,110,14,44,0.018766756,0.058981233,319,0.0,82.75862069,17.24137931,0,264,55,14,44,0.043887147,0.137931034,427,0.0,87.11943794,12.88056206,0,372,55,26,50,0.06088993,0.117096019,0.0,4.548183581,95.45181642,4.207374944,13.4074556,0.0,16.91561845,83.08438155,8.489770943,14.88035094,0.0,9.045256461,90.95474354,10.53983311,16.07333971,0.0,2.927781392,97.07221861,4.370768229,13.74222755,0.0,-2.187265256,102.1872653,6.071365617,11.65749638,3,2,3,3,AGCCCAGCAGCCCTGCCTTTGAGCAGCTG,AGCCCAGCAGCCCTGC,AGC,CTTTGAGCAGCTG,55,65.51724138,75.0,53.84615385,0.0,80.0,11,19,12,7,0,4,3,56,10,40,62,96,0,18,#NAME?,T,G,GGGCT,G,G,GG,T,C,TG,A,C,T,C,A,G,C,T,G,C,T,C,A,A,A,G,G,C,A,NM_003482.3(KMT2D):c.8171_8175del (p.Pro2724fs)ACTCAGCTGCTCAAAGGCA8,15.0,7867,86194,A,A,G
13.62750172,24.77348574,61.59901253,NM_001204.7(BMPR2):c.2504del (p.Thr835fs),BMPR2,Primary pulmonary hypertension,13,15,27,C,-,Insertion,1,12,11,'Fw',0,"[10, 29]","[13, 26]","[26, 52]","[26, 53]",ACCCAATATGCCAATGGGACAGTACTATCTGGCCAAAAACCAACATAGTGACACATAGGGCCCAAAAAAAAATGGGACAGTACTATCTGGCCAAACAAC,ACCCAATATGCCAATGGGACAGTACTATCTGGCCAAACAACCAACATAGTGACACATAGGGCCCAAAAAAAAATGGGACAGTACTATCTGGCCAAACAA,27.17014503,-0.899999976,-38.0,-8.800000191,-42.40000153,-67.59999847,-4.0,0.0,37,1685,10.6231454,20.59347181,68.78338279,179,347,1159,175,489,0.103857567,0.290207715,1565,15.14376997,20.83067093,64.02555911,237,326,1002,117,383,0.074760383,0.244728435,1687,15.1155898,16.6567872,68.227623,255,281,1151,248,531,0.14700652,0.314759929,1887,0.0,85.90355061,14.09644939,0,1621,266,8,46,0.004239534,0.024377318,879,0.0,88.62343572,11.37656428,0,779,100,8,46,0.009101251,0.052332196,1008,0.0,83.53174603,16.46825397,0,842,166,14,60,0.013888889,0.05952381,10.6231454,63.66085338,25.71600122,10.38195729,29.00346446,15.14376997,58.12228873,26.7339413,7.472115588,24.45442747,15.1155898,63.0138955,21.8705147,14.6970356,31.4592845,0.0,-3.166208025,103.166208,0.905924016,5.210112335,0.0,2.761008784,97.23899122,1.38470806,5.929449075,3,3,2,3,GTCACTATGTTGGTTGTTTGGCCAGATAGTACTGTCCCAT,GTCACTATGTTGGTTGTTTGGCCAGAT,GTCACTATGTTGGTT,AGTACTGTCCCAT,50,45.0,44.44444444,46.15384615,0.0,100.0,10,18,12,6,0,1,1,78,42,38,60,116,0,4,-C,A,A,TGGCC,T,A,TA,C,A,AA,C,C,A,A,T,G,G,G,A,C,A,G,T,A,C,T,A,T,C,NM_001204.7(BMPR2):c.2504del (p.Thr835fs)CCAATGGGACAGTACTATC11,10.0,6176,77172,G,G,G
46.51570069,25.7348632,27.74943611,NM_001111125.3(IQSEC2):c.2052_2053del (p.Cys684_Glu685delinsTer),IQSEC2,Inborn genetic diseases,13,15,28,CG,-,Insertion,2,12,11,'Rv',0,"[10, 29]","[13, 26]","[26, 52]","[26, 54]",CCAGTGGTGTGGCTGGGGGTCGGAGGTTGGGGAAGTGAGGCAGCAGGCGAGAACTCTGATGGTAAAAAAATGGGGGTCGGAGGTTGGGGAAGTGCGAGG,CCAGTGGTGTGGCTGGGGGTCGGAGGTTGGGGAAGTGCGAGGCAGCAGGCGAGAACTCTGATGGTAAAAAAATGGGGGTCGGAGGTTGGGGAAGTGCGA,43.31731033,-1.799999952,-38.70000076,-1.700000048,-37.5,-72.40000153,-1.700000048,0.0,37,195,42.05128205,15.38461538,42.56410256,82,30,83,25,34,0.128205128,0.174358974,172,51.74418605,11.62790698,36.62790698,89,20,63,15,21,0.087209302,0.122093023,153,45.75163399,9.150326797,45.09803922,70,14,69,22,31,0.14379085,0.202614379,169,0.0,81.06508876,18.93491124,0,137,32,6,9,0.035502959,0.053254438,74,0.0,85.13513514,14.86486486,0,63,11,6,9,0.081081081,0.121621622,95,0.0,77.89473684,22.10526316,0,74,21,12,15,0.126315789,0.157894737,42.05128205,29.14841849,28.80029946,12.78955053,17.39190496,51.74418605,21.82566627,26.43014768,8.688511953,12.16252497,45.75163399,32.27422356,21.97414246,14.34867621,20.21895096,0.0,-5.020714145,105.0207141,8.075472181,12.11535969,0.0,3.910872071,96.08912793,12.60054956,15.74460395,2,5,2,5,TCTCGCCTGCTGCCTCGCACTTCCCCAACCTCCGACCCCCA,TCTCGCCTGCTGCCTCGCACTTCCCCAA,TCTCGCCTGCTGCCT,CCTCCGACCCCCA,75,68.29268293,64.28571429,76.92307692,0.0,100.0,15,28,18,10,0,2,1,92,50,46,70,138,0,8,#NAME?,G,A,GGGAA,G,T,GT,A,A,GA,G,G,C,T,G,G,G,G,G,T,C,G,G,A,G,G,T,T,G,NM_001111125.3(IQSEC2):c.2052_2053del (p.Cys684_Glu685delinsTer)GGCTGGGGGTCGGAGGTTG11,,5453,57823,T,T,T
67.22205066,22.85282786,9.925121481,NM_182760.4(SUMF1):c.2T>G (p.Met1Arg),SUMF1,Multiple sulfatase deficiency,13,3,8,A,C,Replacement,1,12,4,'Rv',0,"[10, 29]","[13, 26]","[26, 34]","[26, 34]",CAACCGGGTCACATGGCCCGCGGGACAACAGGGCTGCGCCCGCACTAGGGCTGGTGTGTGGACGTTGCCCTGAGCTGGGTCTCAAAAAAATGGCCCGCG,CAACCGGGTCACATGGCCCGCGGGACAACATGGCTGCGCCCGCACTAGGGCTGGTGTGTGGACGTTGCCCTGAGCTGGGTCTCAAAAAAATGGCCCGCG,24.63011932,-1.600000024,-37.70000076,-4.400000095,-41.0,-69.09999847,0.0,-2.700000048,30,527,66.79316888,26.37571157,6.831119545,352,139,36,4,4,0.007590133,0.007590133,512,65.625,20.8984375,13.4765625,336,107,69,14,16,0.02734375,0.03125,486,69.5473251,16.04938272,14.40329218,338,78,70,7,12,0.014403292,0.024691358,657,0.304414003,97.86910198,1.826484018,2,643,12,0,2,0.0,0.00304414,288,0.347222222,96.18055556,3.472222222,1,277,10,0,2,0.0,0.006944444,369,0.27100271,99.18699187,0.54200542,1,366,2,0,2,0.0,0.005420054,66.69177398,5.097745024,28.210481,0.759013283,0.755992156,65.52003817,11.86682413,22.6131377,2.734375,3.1220509,69.45433984,12.81079529,17.73486487,1.440329218,2.466166736,0.042938931,1.676356589,98.28070448,0.0,0.691421352,-0.033513312,-1.308375874,101.3418892,0.0,0.538977687,2,3,2,3,GCCATGTTGTCCCGCGGGCCA,GCCATGTT,GCC,GTCCCGCGGGCCA,70,71.42857143,50.0,84.61538462,100.0,0.0,14,15,4,11,1,0,1,24,12,48,68,72,4,2,CA,A,G,AGGGC,C,A,CA,C,T,AG,A,C,A,T,G,G,C,C,C,G,C,G,G,G,A,C,A,A,C,NM_182760.4(SUMF1):c.2T>G (p.Met1Arg)ACATGGCCCGCGGGACAAC4,15.0,13012,62868,G,G,C
57.30939639,27.09926802,15.59133559,NM_004550.4(NDUFS2):c.686C>A (p.Pro229Gln),NDUFS2,"MITOCHONDRIAL COMPLEX I DEFICIENCY, NUCLEAR TYPE 6",13,7,10,C,A,Replacement,1,12,2,'Fw',0,"[10, 29]","[13, 26]","[26, 36]","[26, 36]",GCCCGAATGCATGCTGCTTATATCCGGCAAGGAGGAGTGCACCAGGTGAGCAGGTCCCCGGCTTCCCCAAATGTCCAGCCCAAAAAAACTGCTTATATC,GCCCGAATGCATGCTGCTTATATCCGGCCAGGAGGAGTGCACCAGGTGAGCAGGTCCCCGGCTTCCCCAAATGTCCAGCCCAAAAAAACTGCTTATATC,45.42517853,-4.0,-39.09999847,-1.700000048,-40.09999847,-59.90000153,-0.300000012,0.0,28,1408,59.16193182,27.69886364,13.13920455,833,390,185,2,7,0.001420455,0.004971591,1625,58.03076923,23.2,18.76923077,943,377,305,13,20,0.008,0.012307692,1554,54.82625483,26.8983269,18.27541828,852,418,284,4,9,0.002574003,0.005791506,1411,0.070871722,98.58256556,1.346562721,1,1391,19,1,4,0.000708717,0.002834869,625,0.16,98.56,1.28,1,616,8,1,4,0.0016,0.0064,786,0.0,98.60050891,1.399491094,0,775,11,2,4,0.002544529,0.005089059,59.13296865,11.95360461,28.91342674,0.141337739,0.494338236,58.00100382,17.66047745,24.33851873,0.799296948,1.227969173,54.79421671,17.1599247,28.04585859,0.256693359,0.576332049,0.089191489,-0.067471264,99.97827978,0.159292412,0.637183194,-0.070921986,0.053650815,100.0172712,0.253746007,0.50608533,2,2,2,2,TCCTCCTGGCCGGATATAAGCAG,TCCTCCTGGC,TCCTCCT,CGGATATAAGCAG,50,56.52173913,70.0,46.15384615,0.0,100.0,10,13,7,6,0,1,1,34,22,38,60,72,2,4,AC,C,A,AGGAG,G,G,GG,A,G,CA,A,T,G,C,T,G,C,T,T,A,T,A,T,C,C,G,G,C,A,NM_004550.4(NDUFS2):c.686C>A (p.Pro229Gln)ATGCTGCTTATATCCGGCA2,7.0,8435,60450,T,T,C
7.727157803,89.75498541,2.517856783,NM_004698.4(PRPF3):c.1466C>A (p.Ala489Asp),PRPF3,Retinitis pigmentosa 18,13,3,18,C,A,Replacement,1,4,14,'Fw',0,"[10, 29]","[13, 26]","[26, 44]","[26, 44]",GTGAGAATTTCTAATTTGATGCGAGTATTAGGAACAGAAGATGTTCAAGACCCCACGAAGGTAGAAGCCCACGAAAAAAAATTTGATGCGAGTATTAGG,GTGAGAATTTCTAATTTGATGCGAGTATTAGGAACAGAAGCTGTTCAAGACCCCACGAAGGTAGAAGCCCACGAAAAAAAATTTGATGCGAGTATTAGG,3.677776814,-0.800000012,-38.20000076,-0.600000024,-36.0,-58.40000153,-0.600000024,0.0,40,1226,7.340946166,86.7862969,5.872756933,90,1064,72,18,45,0.014681892,0.036704731,1539,7.992202729,81.87134503,10.13645224,123,1260,156,42,75,0.027290448,0.048732943,1134,7.848324515,83.77425044,8.377425044,89,950,95,33,63,0.029100529,0.055555556,1303,0.0,94.24405219,5.755947813,0,1228,75,11,15,0.008442057,0.011511896,562,0.0,94.12811388,5.871886121,0,529,33,11,15,0.019572954,0.026690391,741,0.0,94.33198381,5.668016194,0,699,42,18,27,0.024291498,0.036437247,7.340946166,0.123943228,92.53511061,1.45987042,3.659382452,7.992202729,4.64804338,87.35975389,2.720832472,4.862342199,7.848324515,2.78158374,89.37009175,2.90185583,5.544681958,0.0,0.123019231,99.87698077,1.949017854,2.657833217,0.0,-0.093302035,100.093302,2.420912116,3.632630985,3,1,3,2,ACAGCTTCTGTTCCTAATACTCGCATCAAAT,ACAGCTTCTGTTCCTAAT,ACA,ACTCGCATCAAAT,35,38.70967742,38.88888889,38.46153846,0.0,100.0,7,12,7,5,0,1,1,50,8,36,54,86,2,4,AC,G,T,AGGAA,T,A,TA,T,T,GT,C,T,A,A,T,T,T,G,A,T,G,C,G,A,G,T,A,T,T,NM_004698.4(PRPF3):c.1466C>A (p.Ala489Asp)CTAATTTGATGCGAGTATT14,7.0,8565,36481,A,A,T
53.00928257,20.72375374,26.26696369,NM_181798.1(KCNQ1):c.1207C>T (p.Gln403Ter),KCNQ1,"Atrial fibrillation, familial, 3;Beckwith-Wiedemann syndrome;Cardiovascular phenotype;Jervell and Lange-Nielsen syndrome 1;Long QT syndrome;Long QT syndrome 1;Short QT syndrome 2;not provided",13,15,30,C,T,Replacement,1,12,14,'Rv',0,"[10, 29]","[13, 26]","[26, 56]","[26, 56]",GGCAGGCTGAGGGCAGGAAGGCTCAGCACAGGGCTTACCTAGAATTTCTTCTTGGCCACAAAAAAAAACAGGAAGGCTCAGCACAGGGCTTACCTGGAA,GGCAGGCTGAGGGCAGGAAGGCTCAGCACAGGGCTTACCTGGAATTTCTTCTTGGCCACAAAAAAAAACAGGAAGGCTCAGCACAGGGCTTACCTGGAA,65.50359344,-4.400000095,-37.70000076,-6.199999809,-44.09999847,-71.0,-3.799999952,0.0,40,598,51.50501672,9.698996656,38.79598662,308,58,232,56,115,0.093645485,0.192307692,638,56.11285266,7.680250784,36.20689655,358,49,231,58,119,0.090909091,0.186520376,461,51.40997831,6.073752711,42.51626898,237,28,196,44,93,0.095444685,0.201735358,657,0.0,82.49619482,17.50380518,0,542,115,8,24,0.01217656,0.03652968,280,0.0,86.42857143,13.57142857,0,242,38,8,24,0.028571429,0.085714286,377,0.0,79.57559682,20.42440318,0,300,77,32,56,0.084880637,0.148541114,51.50501672,25.80989522,22.68508805,9.353510871,19.20125371,56.11285266,22.67145947,21.21568786,9.079838143,18.62231061,51.40997831,30.31953638,18.27048531,9.533452833,20.14436478,0.0,-4.766736953,104.766737,2.845312758,8.538017802,0.0,3.540282087,96.45971791,8.476919298,14.82299652,2,4,3,3,GCCAAGAAGAAATTCCAGGTAAGCCCTGTGCTGAGCCTTCCTG,GCCAAGAAGAAATTCCAGGTAAGCCCTGTG,GCCAAGAAGAAATTC,CTGAGCCTTCCTG,70,53.48837209,50.0,61.53846154,0.0,100.0,14,23,15,8,0,1,1,90,42,42,68,132,2,4,TC,T,G,AGGGC,G,C,GC,C,C,TG,G,G,G,C,A,G,G,A,A,G,G,C,T,C,A,G,C,A,C,NM_181798.1(KCNQ1):c.1207C>T (p.Gln403Ter)GGGCAGGAAGGCTCAGCAC14,15.0,12925,6093,G,G,A
66.85728628,31.6428008,1.499912922,NM_001130987.2(DYSF):c.4221+1G>C,DYSF,"Limb-girdle muscular dystrophy, type 2B",13,10,22,G,C,Replacement,1,12,11,'Fw',0,"[10, 29]","[13, 26]","[26, 48]","[26, 48]",CCCCAACTTTGACATCTGCACCCTCTTCATGGAAGTGCTGAGCCCCACCTCCCTACTGTCCCCTTCCAGAAAAAAAATCTGCACCCTCTTCATGGAAGT,CCCCAACTTTGACATCTGCACCCTCTTCATGGAAGTGGTGAGCCCCACCTCCCTACTGTCCCCTTCCAGAAAAAAAATCTGCACCCTCTTCATGGAAGT,46.44156647,0.0,-35.09999847,-8.5,-42.70000076,-67.40000153,-5.900000095,0.0,37,812,66.00985222,27.83251232,6.157635468,536,226,50,14,24,0.017241379,0.02955665,714,66.2464986,23.1092437,10.6442577,473,165,76,46,55,0.06442577,0.077030812,748,68.31550802,26.60427807,5.080213904,511,199,38,1,10,0.001336898,0.013368984,816,0.0,94.11764706,5.882352941,0,768,48,8,12,0.009803922,0.014705882,439,0.0,94.53302961,5.466970387,0,415,24,8,12,0.018223235,0.027334852,377,0.0,93.63395225,6.366047745,0,353,24,1,10,0.00265252,0.026525199,66.00985222,0.292487685,33.6976601,1.714502098,2.9413917,66.2464986,5.05952381,28.69397759,6.433403835,7.68950616,68.31550802,-0.852272727,32.53676471,0.123898065,1.322386982,0.0,-0.441343964,100.441344,1.812697256,2.719179191,0.0,0.513925729,99.48607427,0.255473114,2.638201982,2,4,2,3,GTGGGGCTCACCACTTCCATGAAGAGGGTGCAGAT,GTGGGGCTCACCACTTCCATGA,GTGGGGCTCA,AGAGGGTGCAGAT,55,57.14285714,59.09090909,53.84615385,100.0,100.0,11,20,13,7,1,1,1,70,34,40,62,110,4,4,CG,G,T,TGGAA,T,T,TT,C,C,GT,G,A,C,A,T,C,T,G,C,A,C,C,C,T,C,T,T,C,A,NM_001130987.2(DYSF):c.4221+1G>CGACATCTGCACCCTCTTCA11,7.0,5596,49136,G,G,T
63.46988249,36.53011751,0.0,NM_145331.3(MAP3K7):c.721T>A (p.Trp241Arg),MAP3K7,Cardiospondylocarpofacial syndrome,13,10,14,A,T,Replacement,1,8,3,'Rv',0,"[10, 29]","[13, 26]","[26, 40]","[26, 40]",AGATTGGTGGCCCAGCTTTCCGAATCATGAGGGCTGTTCATAATGGTTCGTAAAAAGAAATTTTTCTTAAAAGTACTAAAAAAAAGCTTTCCGAATCAT,AGATTGGTGGCCCAGCTTTCCGAATCATGTGGGCTGTTCATAATGGTTCGTAAAAAGAAATTTTTCTTAAAAGTACTAAAAAAAAGCTTTCCGAATCAT,39.05899429,0.0,-33.59999847,-0.699999988,-41.0,-61.09999847,0.0,0.0,29,244,53.68852459,20.08196721,26.2295082,131,49,64,1,29,0.004098361,0.118852459,205,69.26829268,22.92682927,7.804878049,142,47,16,2,13,0.009756098,0.063414634,212,67.45283019,18.86792453,13.67924528,143,40,29,0,27,0.0,0.127358491,271,0.0,83.39483395,16.60516605,0,226,45,0,6,0.0,0.022140221,110,0.0,93.63636364,6.363636364,0,103,7,0,6,0.0,0.054545455,161,0.0,76.39751553,23.60248447,0,123,38,2,32,0.01242236,0.198757764,53.68852459,11.54069346,34.77078195,0.409836066,11.86573278,69.26829268,-10.55255774,41.28426506,0.975609756,6.320722615,67.45283019,-3.508515612,36.05568542,0.0,12.7165243,0.0,-12.28077233,112.2807723,0.0,5.433608246,0.0,8.390589787,91.60941021,1.242236025,19.85803279,3,2,3,3,TGAACAGCCCACATGATTCGGAAAGCT,TGAACAGCCCACAT,TGAACAGCCC,GATTCGGAAAGCT,55,48.14814815,50.0,46.15384615,0.0,0.0,11,13,7,6,0,0,1,42,32,38,62,80,2,2,TA,G,G,AGGGC,C,A,CA,A,T,GG,C,C,C,A,G,C,T,T,T,C,C,G,A,A,T,C,A,T,G,NM_145331.3(MAP3K7):c.721T>A (p.Trp241Arg)CCCAGCTTTCCGAATCATG3,10.0,12352,39129,T,T,G
24.25024539,73.54893918,2.200815424,NM_021957.4(GYS2):c.547C>T (p.Gln183Ter),GYS2,Hypoglycemia with deficiency of glycogen synthetase in the liver;not provided,13,15,18,G,A,Replacement,1,8,2,'Rv',0,"[10, 29]","[13, 26]","[26, 44]","[26, 44]",ATATGTCGTTGCCCAATTCCATGAATGGTAGGCTGGAATTGGACTGATCCTTTCTCGAGCCAGGAAACTTCCTAAAAAAACAATTCCATGAATGGCAGG,ATATGTCGTTGCCCAATTCCATGAATGGCAGGCTGGAATTGGACTGATCCTTTCTCGAGCCAGGAAACTTCCTAAAAAAACAATTCCATGAATGGCAGG,63.00141907,-1.600000024,-34.79999924,-7.599999905,-39.5,-58.90000153,0.0,0.0,28,370,21.89189189,72.97297297,5.135135135,81,270,19,3,7,0.008108108,0.018918919,486,25.10288066,64.19753086,10.69958848,122,312,52,6,28,0.012345679,0.057613169,393,26.2086514,60.81424936,12.97709924,103,239,51,5,38,0.012722646,0.096692112,502,0.199203187,92.2310757,7.569721116,1,463,38,1,5,0.001992032,0.009960159,207,0.483091787,94.68599034,4.830917874,1,196,10,1,5,0.004830918,0.024154589,295,0.0,90.50847458,9.491525424,0,267,28,0,14,0.0,0.047457627,21.73598748,-2.633970177,80.89798269,0.808834891,1.882119195,24.95338541,3.386192706,71.66042188,1.232600423,5.751929614,26.06136328,5.850223743,68.08841298,1.270297904,9.660213209,0.284455244,-2.963101782,102.6786465,0.481109339,2.405738393,-0.199600798,2.079193454,98.12040734,-0.001992072,4.736274293,2,2,2,3,GTCCAATTCCAGCCTGCCATTCATGGAATTG,GTCCAATTCCAGCCTGCC,GTCCAATTCCAGCCT,ATTCATGGAATTG,50,48.38709677,61.11111111,30.76923077,0.0,100.0,10,15,11,4,0,1,1,58,46,34,60,92,2,4,AG,G,A,AGGCT,T,G,TG,C,T,GA,G,C,C,C,A,A,T,T,C,C,A,T,G,A,A,T,G,G,T,NM_021957.4(GYS2):c.547C>T (p.Gln183Ter)GCCCAATTCCATGAATGGT2,10.0,11253,10239,G,G,T
67.73666194,8.748942983,23.51439508,NM_130439.3(MXI1):c.656A>C (p.Glu219Ala),MXI1,Malignant tumor of prostate,13,3,4,A,C,Replacement,1,12,0,'Fw',0,"[10, 29]","[13, 26]","[26, 30]","[26, 30]",ACTGGAACAGCTGCAGGGTCCTCAGGCGATGGAACGAATACGAATGGACAGCATTGGATCAACTATTTCTTCAGATCGTTCTGATTCAAAAAAACAGGG,ACTGGAACAGCTGCAGGGTCCTCAGGAGATGGAACGAATACGAATGGACAGCATTGGATCAACTATTTCTTCAGATCGTTCTGATTCAAAAAAACAGGG,61.14792633,-3.200000048,-36.20000076,-0.5,-36.70000076,-59.70000076,0.0,0.0,26,548,70.62043796,6.02189781,23.35766423,387,33,128,14,14,0.025547445,0.025547445,524,63.35877863,6.679389313,29.96183206,332,35,157,3,3,0.005725191,0.005725191,572,69.23076923,4.72027972,26.04895105,396,27,149,3,3,0.005244755,0.005244755,156,0.0,96.15384615,3.846153846,0,150,6,0,0,0.0,0.0,65,0.0,95.38461538,4.615384615,0,62,3,0,0,0.0,0.0,91,0.0,96.7032967,3.296703297,0,88,3,0,0,0.0,0.0,70.62043796,20.2919708,9.087591241,2.554744526,2.554744526,63.35877863,27.16030534,9.480916031,0.572519084,0.572519084,69.23076923,23.09090909,7.678321678,0.524475524,0.524475524,0.0,0.8,99.2,0.0,0.0,0.0,-0.571428571,100.5714286,0.0,0.0,1,3,1,3,ATCTCCTGAGGACCCTG,ATCT,ATC,CCTGAGGACCCTG,70,58.82352941,25.0,69.23076923,100.0,0.0,14,10,1,9,1,0,1,10,8,44,68,54,4,2,CA,G,G,TGGAA,G,C,GC,T,G,GG,C,T,G,C,A,G,G,G,T,C,C,T,C,A,G,G,C,G,A,NM_130439.3(MXI1):c.656A>C (p.Glu219Ala)CTGCAGGGTCCTCAGGCGA0,10.0,12137,61994,A,A,G
0.351173438,98.81034374,0.838482818,NM_000495.5(COL4A5):c.1561G>T (p.Gly521Cys),COL4A5,"Alport syndrome 1, X-linked recessive",13,3,17,G,T,Replacement,1,4,13,'Fw',0,"[10, 29]","[13, 26]","[26, 43]","[26, 43]",CTTGGTTTCCCTGGACAGAAAGGGGAAAAAGGACAAGCTTGTGCAACTGGTCCCAAAGGATTACCAGTAAGTTTAAAAAAAGACAGAAAGGGGAAAAAG,CTTGGTTTCCCTGGACAGAAAGGGGAAAAAGGACAAGCTGGTGCAACTGGTCCCAAAGGATTACCAGTAAGTTTAAAAAAAGACAGAAAGGGGAAAAAG,42.37775803,0.0,-34.29999924,0.0,-41.40000153,-65.0,0.0,0.0,39,849,0.706713781,93.40400471,5.889281508,6,793,50,10,30,0.011778563,0.035335689,872,1.032110092,95.06880734,3.899082569,9,829,34,7,26,0.008027523,0.029816514,809,1.112484549,95.42645241,3.461063041,9,772,28,9,19,0.011124845,0.023485785,1164,0.60137457,95.79037801,3.608247423,7,1115,42,3,12,0.00257732,0.010309278,508,0.393700787,95.07874016,4.527559055,2,483,23,3,12,0.005905512,0.023622047,656,0.762195122,96.34146341,2.896341463,5,632,19,1,14,0.00152439,0.021341463,0.105976526,2.366420388,97.52760309,1.175309273,3.523622886,0.433341527,0.301722023,99.26493645,0.800195598,2.971648453,0.51420226,-0.152693958,99.6384917,1.109935836,2.338510297,-0.208930236,0.953724367,99.25520587,0.587989016,2.352137935,0.161793537,-0.738554845,100.5767613,0.149865567,2.124056038,5,4,4,4,CACCAGCTTGTCCTTTTTCCCCTTTCTGTC,CACCAGCTTGTCCTTTT,CAC,TCCCCTTTCTGTC,50,50.0,47.05882353,53.84615385,0.0,100.0,10,15,8,7,0,1,1,50,10,40,60,90,2,4,TG,T,G,AGGAC,A,A,AA,G,C,TG,C,T,G,G,A,C,A,G,A,A,A,G,G,G,G,A,A,A,A,NM_000495.5(COL4A5):c.1561G>T (p.Gly521Cys)CTGGACAGAAAGGGGAAAA13,15.0,3871,31892,C,C,C
51.70602805,44.40701494,3.886957015,NM_005763.4(AASS):c.1256T>G (p.Leu419Arg),AASS,Hyperlysinemia,13,7,18,A,C,Replacement,1,12,10,'Fw',0,"[10, 29]","[13, 26]","[26, 44]","[26, 44]",ACCAGTCTGCTTACCATTTCTTCAACATAAGGGTAACGCATGTCTCCAAAGCATTCTGTAGCTTCAATTGGGAAAAAAAACCATTTCTTCAACATAAGG,ACCAGTCTGCTTACCATTTCTTCAACATAAGGGTAAAGCATGTCTCCAAAGCATTCTGTAGCTTCAATTGGGAAAAAAAACCATTTCTTCAACATAAGG,9.657132149,0.0,-33.79999924,-2.099999905,-37.5,-58.09999847,0.0,0.0,36,202,47.52475248,41.58415842,10.89108911,96,84,22,1,2,0.004950495,0.00990099,228,46.92982456,42.10526316,10.96491228,107,96,25,5,15,0.021929825,0.065789474,211,60.66350711,35.5450237,3.791469194,128,75,8,0,3,0.0,0.014218009,268,0.0,95.14925373,4.850746269,0,255,13,2,3,0.007462687,0.01119403,126,0.0,95.23809524,4.761904762,0,120,6,2,3,0.015873016,0.023809524,142,0.0,95.07042254,4.929577465,0,135,7,1,4,0.007042254,0.028169014,47.52475248,6.348281887,46.12696564,0.487623208,0.979014571,46.92982456,6.425868593,46.64430685,2.18568288,6.568488617,60.66350711,-1.113279435,40.44977233,-0.007463244,1.410764839,0.0,-0.093370682,100.0933707,1.579956808,2.370023652,0.0,0.082850041,99.91714996,0.696814667,2.806021485,3,2,3,3,GACATGCTTTACCCTTATGTTGAAGAAATGG,GACATGCTTTACCCTTAT,GACATGC,GTTGAAGAAATGG,30,38.70967742,38.88888889,38.46153846,100.0,0.0,6,12,7,5,1,0,1,50,22,36,52,86,4,2,CA,A,G,AGGGT,C,A,CA,C,T,AG,T,T,A,C,C,A,T,T,T,C,T,T,C,A,A,C,A,T,A,NM_005763.4(AASS):c.1256T>G (p.Leu419Arg)TTACCATTTCTTCAACATA10,10.0,9118,66182,G,G,C
35.09550202,63.45512318,1.449374795,NM_000162.5(GCK):c.1165G>C (p.Val389Leu),GCK,Hyperinsulinemic hypoglycemia familial 3,13,15,20,C,G,Replacement,1,12,4,'Fw',0,"[10, 29]","[13, 26]","[26, 46]","[26, 46]",CGCTGCGGCTCTCGCGCATGCGGTTGATGAGGCCCGCCAGCCCCGCCGAGCACATGTGCGCAGCGCGCGTAAAAAAAAGCGCATGCGGTTGATGACGCC,CGCTGCGGCTCTCGCGCATGCGGTTGATGACGCCCGCCAGCCCCGCCGAGCACATGTGCGCAGCGCGCGTAAAAAAAAGCGCATGCGGTTGATGACGCC,35.83353806,-3.5,-35.90000153,-11.19999981,-46.90000153,-73.80000305,-5.400000095,0.0,30,955,35.07853403,60.31413613,4.607329843,335,576,44,7,19,0.007329843,0.019895288,954,29.45492662,61.74004193,8.805031447,281,589,84,5,35,0.00524109,0.036687631,903,40.7530454,52.27021041,6.976744186,368,472,63,6,36,0.006644518,0.03986711,1069,0.0,94.57436857,5.425631431,0,1011,58,1,10,0.000935454,0.009354537,486,0.0,94.44444444,5.555555556,0,459,27,1,10,0.002057613,0.020576132,583,0.0,94.68267581,5.317324185,0,552,31,2,19,0.003430532,0.032590051,35.07853403,-0.865246684,65.78671265,0.732055688,1.980359512,29.45492662,3.573272618,66.97180076,0.523178455,3.659750919,40.7530454,1.640098452,57.60685614,0.66352258,3.977728525,0.0,0.137377734,99.86262227,0.204827779,2.048450255,0.0,-0.114520718,100.1145207,0.34212092,3.249954627,2,4,2,2,GCGGGGCTGGCGGGCGTCATCAACCGCATGCGC,GCGGGGCTGGCGGGCGTCAT,GCGGGGCTGGCGGGC,CAACCGCATGCGC,65,75.75757576,80.0,69.23076923,100.0,100.0,13,25,16,9,1,1,1,72,58,44,66,116,4,4,GC,A,G,AGGCC,G,A,GA,C,C,AG,C,T,C,G,C,G,C,A,T,G,C,G,G,T,T,G,A,T,G,NM_000162.5(GCK):c.1165G>C (p.Val389Leu)CTCGCGCATGCGGTTGATG4,7.0,1435,48464,G,G,T
67.71768719,32.28231281,0.0,NM_014795.4(ZEB2):c.1027C>T (p.Arg343Ter),ZEB2,Mowat-Wilson syndrome;not provided,13,10,18,G,A,Replacement,1,4,7,'Rv',0,"[10, 29]","[13, 26]","[26, 44]","[26, 44]",AAGAAATGTATTGGTTTAATCTCTGTAAATGGCTGAATGAGAAACAATATCAAGACGGGTTCTTCCCCTAATTAAAAAAAGTTTAATCTCTGTAAATGG,AAGAAATGTATTGGTTTAATCTCTGTAAATGGCCGAATGAGAAACAATATCAAGACGGGTTCTTCCCCTAATTAAAAAAAGTTTAATCTCTGTAAATGG,10.79465389,0.0,-34.90000153,-1.799999952,-36.0,-53.5,0.0,0.0,33,248,66.93548387,31.0483871,2.016129032,166,77,5,1,5,0.004032258,0.02016129,300,60.33333333,35.33333333,4.333333333,181,106,13,2,7,0.006666667,0.023333333,311,75.88424437,20.90032154,3.215434084,236,65,10,0,6,0.0,0.019292605,248,0.0,96.37096774,3.629032258,0,239,9,1,6,0.004032258,0.024193548,113,0.0,93.80530973,6.194690265,0,106,7,1,6,0.008849558,0.053097345,135,0.0,98.51851852,1.481481481,0,133,2,0,1,0.0,0.007407407,66.93548387,-1.673640167,34.7381563,0.399209646,1.99241752,60.33333333,0.730822873,38.93584379,0.662661129,2.309698583,75.88424437,-0.429173001,24.54492863,-0.004032421,1.905527917,0.0,2.662272744,97.33772726,0.880959017,5.286820034,0.0,-2.22842089,102.2284209,-0.004032421,0.716720592,3,2,3,2,TTTCTCATTCGGCCATTTACAGAGATTAAAC,TTTCTCATTCGGCCATTT,TTTCTCATTC,ACAGAGATTAAAC,30,35.48387097,38.88888889,30.76923077,0.0,100.0,6,11,7,4,0,1,1,50,26,34,52,84,2,4,AG,C,G,TGGCT,T,A,TA,A,C,CG,T,T,G,G,T,T,T,A,A,T,C,T,C,T,G,T,A,A,A,NM_014795.4(ZEB2):c.1027C>T (p.Arg343Ter)TTGGTTTAATCTCTGTAAA7,10.0,10088,11717,T,T,A
68.68103499,19.48733555,11.83162947,NM_001171.5(ABCC6):c.3306+5G>C,ABCC6,Pseudoxanthoma elasticum,13,7,17,C,G,Replacement,1,8,9,'Rv',0,"[10, 29]","[13, 26]","[26, 43]","[26, 43]",GCCACTGTTTCTCCTCTACGCTGGGTTTCAGGTACCGAGAGGTCAGGGAGGCTTCCGGGACCGGCTGAGGTCAAAAAAAAACTCTACGCTGGGTTTCAG,GCCACTGTTTCTCCTCTACGCTGGGTTTCAGGTACGGAGAGGTCAGGGAGGCTTCCGGGACCGGCTGAGGTCAAAAAAAAACTCTACGCTGGGTTTCAG,13.24010468,-1.700000048,-37.40000153,-4.900000095,-39.09999847,-62.0,0.0,0.0,35,1432,67.31843575,18.6452514,14.03631285,964,267,201,14,33,0.009776536,0.023044693,1319,70.20470053,17.28582259,12.50947688,926,228,165,11,37,0.008339651,0.028051554,1277,68.51996868,12.99921691,18.48081441,875,166,236,16,39,0.012529366,0.030540329,1443,0.0,96.3963964,3.603603604,0,1391,52,8,19,0.005544006,0.013167013,639,0.0,96.71361502,3.286384977,0,618,21,8,19,0.012519562,0.029733959,804,0.0,96.14427861,3.855721393,0,773,31,15,27,0.018656716,0.03358209,67.31843575,10.82271707,21.85884718,0.972163523,2.291603996,70.20470053,9.238803115,20.55649635,0.82846705,2.792356077,68.51996868,15.43336822,16.0466631,1.247461724,3.04126632,0.0,-0.329077267,100.3290773,1.246481281,2.960618743,0.0,0.261542754,99.73845725,1.860230768,3.345482442,3,3,3,3,ACCTCTCCGTACCTGAAACCCAGCGTAGAG,ACCTCTCCGTACCTGAA,ACCTCTC,ACCCAGCGTAGAG,60,56.66666667,52.94117647,61.53846154,100.0,100.0,12,17,9,8,1,1,1,52,22,42,64,94,4,4,GC,C,G,AGGTA,T,T,TT,T,C,CG,C,T,C,C,T,C,T,A,C,G,C,T,G,G,G,T,T,T,C,NM_001171.5(ABCC6):c.3306+5G>CCTCCTCTACGCTGGGTTTC9,10.0,5862,52371,A,A,T
83.48392051,16.42311937,0.092960127,NM_000257.4(MYH7):c.4622A>C (p.Gln1541Pro),MYH7,"Myopathy, distal, 1",13,15,20,T,G,Replacement,1,12,4,'Fw',0,"[10, 29]","[13, 26]","[26, 46]","[26, 46]",ACACACACCTCGGCCTCCTCCAGGGCTGACGGCAGCTCCATCTTCTCGGCCTCCAGCTGCTTTCGGACCTTAAAAAAACCTCCTCCAGGGCTGACTGCA,ACACACACCTCGGCCTCCTCCAGGGCTGACTGCAGCTCCATCTTCTCGGCCTCCAGCTGCTTTCGGACCTTAAAAAAACCTCCTCCAGGGCTGACTGCA,56.28181839,-8.399999619,-39.79999924,-6.5,-42.90000153,-73.90000153,-0.100000001,-1.5,30,843,81.61328588,8.778173191,9.608540925,688,74,81,14,56,0.016607355,0.066429419,887,84.89289741,6.651634724,8.455467869,753,59,75,2,41,0.002254791,0.046223224,735,83.94557823,3.537414966,12.5170068,617,26,92,5,61,0.006802721,0.082993197,999,0.0,89.88988989,10.11011011,0,898,101,5,46,0.005005005,0.046046046,490,0.0,87.95918367,12.04081633,0,431,59,5,46,0.010204082,0.093877551,509,0.0,91.74852652,8.251473477,0,467,42,2,36,0.003929273,0.070726916,81.61328588,-0.557981755,18.94469587,1.655813337,6.599934837,84.89289741,-1.840743428,16.94784602,0.220485173,4.578384554,83.94557823,2.677605563,13.37681621,0.675300903,8.257075739,0.0,2.147856916,97.85214308,1.015453982,9.346012525,0.0,-2.06768151,102.0676815,0.38794172,7.029882489,1,3,2,3,AGAAGATGGAGCTGCAGTCAGCCCTGGAGGAGG,AGAAGATGGAGCTGCAGTCA,AGAAGATGGAGCTGC,GCCCTGGAGGAGG,75,60.60606061,50.0,76.92307692,100.0,0.0,15,20,10,10,1,0,1,60,46,46,70,106,4,2,GT,C,G,CGGCA,C,T,CT,T,C,CG,C,G,G,C,C,T,C,C,T,C,C,A,G,G,G,C,T,G,A,NM_000257.4(MYH7):c.4622A>C (p.Gln1541Pro)CGGCCTCCTCCAGGGCTGA4,15.0,2116,30043,A,A,T
75.70550705,22.5514611,1.743031847,NM_133433.4(NIPBL):c.1057A>T (p.Lys353Ter),NIPBL,Cornelia de Lange syndrome 1,13,15,18,A,T,Replacement,1,8,2,'Fw',0,"[10, 29]","[13, 26]","[26, 44]","[26, 44]",AATGTATGATATAATTAGTTCTCCATCCTAGGACTCTACTAAACTTACATTAAGACTTTCTCGTGTAAGGTCTAAAAAAAATTAGTTCTCCATCCAAGG,AATGTATGATATAATTAGTTCTCCATCCAAGGACTCTACTAAACTTACATTAAGACTTTCTCGTGTAAGGTCTAAAAAAAATTAGTTCTCCATCCAAGG,37.42573547,0.0,-35.59999847,-5.599999905,-37.79999924,-55.90000153,0.0,0.0,28,422,73.22274882,22.98578199,3.791469194,309,97,16,3,10,0.007109005,0.023696682,490,75.10204082,19.79591837,5.102040816,368,97,25,5,18,0.010204082,0.036734694,446,78.92376682,17.26457399,3.811659193,352,77,17,0,4,0.0,0.00896861,552,0.18115942,97.2826087,2.536231884,1,537,14,4,7,0.007246377,0.012681159,280,0.0,97.14285714,2.857142857,0,272,8,4,7,0.014285714,0.025,272,0.367647059,97.42647059,2.205882353,1,265,6,2,2,0.007352941,0.007352941,73.17415126,1.287901478,25.53794726,0.70370509,2.357286018,75.05685396,2.632577194,22.31056885,1.013235209,3.661252518,78.88551594,1.308616867,19.80586719,-0.007246902,0.884291966,-0.181488203,0.329261816,99.85222639,1.421428054,2.487634301,0.186826092,-0.338945987,100.1521199,0.728100502,0.722704606,3,2,2,2,GTTTAGTAGAGTCCTTGGATGGAGAACTAAT,GTTTAGTAGAGTCCTTGG,GTTTAGTAGAGTCCT,ATGGAGAACTAAT,35,38.70967742,44.44444444,30.76923077,0.0,0.0,7,12,8,4,0,0,1,52,42,34,54,86,2,2,TA,C,A,AGGAC,T,C,TC,C,T,CA,A,T,A,A,T,T,A,G,T,T,C,T,C,C,A,T,C,C,T,NM_133433.4(NIPBL):c.1057A>T (p.Lys353Ter)ATAATTAGTTCTCCATCCT2,15.0,12161,47227,G,G,T
0.26195255,99.73804745,0.0,NM_133433.4(NIPBL):c.6590-2A>C,NIPBL,Cornelia de Lange syndrome 1,13,3,5,A,C,Replacement,1,12,1,'Rv',0,"[10, 29]","[13, 26]","[26, 31]","[26, 31]",ACTTGGATGCTGAATAAAGGCAAATCCGATGGGAGAGGGGAAAAATCTCATCATATATTCATATTAAAATTAAATAAAACATTTAAAAAAAAAATAAAG,ACTTGGATGCTGAATAAAGGCAAATCCTATGGGAGAGGGGAAAAATCTCATCATATATTCATATTAAAATTAAATAAAACATTTAAAAAAAAAATAAAG,37.86587524,0.0,-36.0,-1.0,-45.5,-56.79999924,0.0,0.0,27,258,0.0,96.51162791,3.488372093,0,249,9,7,7,0.027131783,0.027131783,255,0.392156863,95.29411765,4.31372549,1,243,11,8,8,0.031372549,0.031372549,254,0.393700787,95.27559055,4.330708661,1,242,11,7,7,0.027559055,0.027559055,209,0.0,95.215311,4.784688995,0,199,10,2,2,0.009569378,0.009569378,81,0.0,96.2962963,3.703703704,0,78,3,2,2,0.024691358,0.024691358,128,0.0,94.53125,5.46875,0,121,7,6,6,0.046875,0.046875,0.0,-1.361458455,101.3614585,2.70386766,2.70386766,0.392156863,-0.494630013,100.1024732,3.127984853,3.127984853,0.393700787,-0.476793416,100.0830926,2.746598966,2.746598966,0.0,-1.13530616,101.1353062,2.459801812,2.459801812,0.0,0.71843593,99.28156407,4.678378314,4.678378314,3,2,3,2,CATAGGATTTGCCTTTAT,CATAG,CAT,GATTTGCCTTTAT,40,33.33333333,40.0,30.76923077,100.0,0.0,8,6,2,4,1,0,1,14,8,34,56,48,4,2,CA,C,A,TGGGA,C,C,CC,G,G,CA,T,G,A,A,T,A,A,A,G,G,C,A,A,A,T,C,C,G,A,NM_133433.4(NIPBL):c.6590-2A>CTGAATAAAGGCAAATCCGA1,3.0,12207,47403,C,C,C
63.17263181,21.04625702,15.78111118,NM_016434.3(RTEL1):c.1618T>G (p.Ser540Ala),RTEL1,"Idiopathic fibrosing alveolitis, chronic form",13,15,22,T,G,Replacement,1,12,6,'Rv',0,"[10, 29]","[13, 26]","[26, 48]","[26, 48]",TTCAGGGCACTCACCCAGAGCCTTCCCCAGGGCGGATAAGCACTCCTCGGAAAACCTAGAGCCGGAGAGAAAAAAACCCAGAGCCTTCCCCAGGGAGGA,TTCAGGGCACTCACCCAGAGCCTTCCCCAGGGAGGATAAGCACTCCTCGGAAAACCTAGAGCCGGAGAGAAAAAAACCCAGAGCCTTCCCCAGGGAGGA,69.00249481,0.0,-36.90000153,-13.0,-47.5,-76.59999847,-6.199999809,0.0,32,1037,60.84860174,16.8756027,22.27579556,631,175,231,29,109,0.027965284,0.105110897,1098,59.74499089,18.48816029,21.76684882,656,203,239,31,77,0.028233151,0.070127505,1004,68.92430279,12.84860558,18.22709163,692,129,183,28,77,0.027888446,0.076693227,1388,0.0,94.09221902,5.90778098,0,1306,82,8,21,0.005763689,0.015129683,563,0.0,94.4937833,5.506216696,0,532,31,8,21,0.014209591,0.037300178,825,0.0,93.81818182,6.181818182,0,774,51,8,18,0.00969697,0.021818182,60.84860174,17.39571535,21.75568292,2.790925619,10.49754824,59.74499089,16.85481329,23.40019582,2.817713834,6.99867965,68.92430279,13.09280489,17.98289232,2.78324135,7.655351257,0.0,-0.426777355,100.4267774,1.415277031,3.715450215,0.0,0.291243213,99.70875679,0.963988842,2.167016362,2,4,2,4,GAGGAGTGCTTATCCTCCCTGGGGAAGGCTCTGGG,GAGGAGTGCTTATCCTCCCTGG,GAGGAGTGCTTATCC,GGAAGGCTCTGGG,65,62.85714286,59.09090909,69.23076923,100.0,0.0,13,22,13,9,1,0,1,70,46,44,66,114,4,2,GT,G,G,GGGCG,C,C,CC,C,G,GG,T,C,A,C,C,C,A,G,A,G,C,C,T,T,C,C,C,C,A,NM_016434.3(RTEL1):c.1618T>G (p.Ser540Ala)TCACCCAGAGCCTTCCCCA6,15.0,10550,58296,G,G,C
31.50560736,67.88745424,0.606938396,NM_004172.5(SLC1A3):c.556T>A (p.Cys186Ser),SLC1A3,"Episodic ataxia, type 6",13,15,19,T,A,Replacement,1,8,3,'Rv',0,"[10, 29]","[13, 26]","[26, 45]","[26, 45]",TGTCTGTAGAGTGTTTACCTGTTTAAAGCTGGCTTCTACCAGATTTGGAGGGAACATGTTCCTGCAAAGAAAAAAAAAATTTACCTGTTTAAAGCAGGC,TGTCTGTAGAGTGTTTACCTGTTTAAAGCAGGCTTCTACCAGATTTGGAGGGAACATGTTCCTGCAAAGAAAAAAAAAATTTACCTGTTTAAAGCAGGC,18.18667221,-1.399999976,-33.20000076,-5.699999809,-40.09999847,-58.70000076,-3.299999952,0.0,29,302,26.49006623,69.20529801,4.304635762,80,209,13,2,8,0.006622517,0.026490066,345,33.91304348,64.05797101,2.028985507,117,221,7,2,4,0.005797101,0.011594203,299,34.11371237,62.20735786,3.678929766,102,186,11,2,4,0.006688963,0.013377926,364,0.0,97.25274725,2.747252747,0,354,10,1,2,0.002747253,0.005494505,132,0.0,96.96969697,3.03030303,0,128,4,1,2,0.007575758,0.015151515,232,0.0,97.4137931,2.586206897,0,226,6,1,4,0.004310345,0.017241379,26.49006623,1.601376885,71.90855689,0.659522522,2.643657373,33.91304348,-0.738557275,66.8255138,0.576978743,1.15398919,34.11371237,0.957995578,64.92829205,0.66616737,1.332371344,0.0,0.291046054,99.70895395,0.754849242,1.509739962,0.0,-0.165595169,100.1655952,0.428298996,1.718737862,3,2,3,2,AATCTGGTAGAAGCCTGCTTTAAACAGGTAAA,AATCTGGTAGAAGCCTGCT,AATCTGGTAGAAGCC,TTAAACAGGTAAA,40,37.5,47.36842105,23.07692308,0.0,0.0,8,12,9,3,0,0,1,56,44,32,56,88,2,2,AT,C,G,TGGCT,A,A,AA,T,T,CG,G,T,G,T,T,T,A,C,C,T,G,T,T,T,A,A,A,G,C,NM_004172.5(SLC1A3):c.556T>A (p.Cys186Ser)GTGTTTACCTGTTTAAAGC3,7.0,8230,64010,A,A,A
